{
  "sizes": [
    100,
    10000
  ],
  "sections": {
    "Insertion (keys/sec)": {
      "BTreeMap": [
        3417458.9477743898,
        14797051.754024744
      ],
      "BitTrie": [
        2217574.861571369,
        12825650.744878508
      ],
      "CTree": [
        0.0,
        0.0
      ],
      "DynTrie": [
        1398806.969899992,
        0.0
      ],
      "HashMap": [
        1771974.9159230902,
        16713534.172912434
      ],
      "LinkedList": [
        8324738.744953217,
        0.0
      ],
      "NibbleTrie": [
        1378712.2701600147,
        0.0
      ],
      "SortedVec": [
        3894295.840892042,
        814893.1357290735
      ]
    },
    "Iter backward (keys/sec)": {
      "BTreeMap": [
        957798626.0550344,
        876576680.842398
      ],
      "BitTrie": [
        145726009.8524843,
        153217341.3726925
      ],
      "CTree": [
        0.0,
        0.0
      ]
    },
    "Iter forward (keys/sec)": {
      "BTreeMap": [
        841565716.7581543,
        898928361.2535974
      ],
      "BitTrie": [
        152050576.43216068,
        157167653.09402016
      ],
      "CTree": [
        0.0,
        0.0
      ],
      "SortedVec": [
        2536695325.167488,
        4748561837.457816
      ]
    },
    "Iter fwd index (keys/sec)": {},
    "Iter rev index (keys/sec)": {},
    "Lookup (keys/sec)": {
      "BTreeMap": [
        134705854.5176771,
        17810697.704128206
      ],
      "BitTrie": [
        60407414.36801565,
        27934592.84053682
      ],
      "CTree": [
        129901458.40741034,
        0.0
      ],
      "CTreeFixed": [
        125753765.04045331,
        0.0
      ],
      "CTreeFixedOpt": [
        125511587.69986442,
        0.0
      ],
      "CTreeOpt": [
        129723053.28322673,
        0.0
      ],
      "DynTrie": [
        108415901.44994558,
        0.0
      ],
      "DynTrieOpt": [
        109004465.9245069,
        0.0
      ],
      "FixedLen": [
        225483619.83858776,
        0.0
      ],
      "FixedLenOpt": [
        224431984.73862505,
        0.0
      ],
      "HashMap": [
        88319306.38153523,
        59500317.067151286
      ],
      "LinkedList": [
        12934979.679146923,
        0.0
      ],
      "NibbleOpt": [
        112795116.53161377,
        0.0
      ],
      "NibbleOptUnchecked": [
        189290307.6263299,
        0.0
      ],
      "NibbleTrie": [
        112436770.99131308,
        0.0
      ],
      "NibbleUnchecked": [
        189884371.89711297,
        0.0
      ],
      "SortedVec": [
        215953659.63012123,
        11981574.50289248
      ],
      "StackedTrie2": [
        94359778.48597053,
        0.0
      ],
      "StackedTrie4": [
        95773544.54711773,
        0.0
      ]
    },
    "Memory (bytes/key)": {
      "BTreeMap": [
        73.44,
        71.5936
      ],
      "BitTrie": [
        61.44,
        78.6432
      ],
      "DynTrie": [
        47.36,
        0.0
      ],
      "DynTrieOpt": [
        43.85,
        0.0
      ],
      "HashMap": [
        50.4,
        62.0688
      ],
      "LinkedList": [
        56.0,
        0.0
      ],
      "NibbleOpt": [
        52.81,
        0.0
      ],
      "NibbleTrie": [
        56.32,
        0.0
      ],
      "SortedVec": [
        40.0,
        40.0
      ]
    },
    "Optimize (keys/sec)": {}
  }
}