{
  "sizes": [
    100,
    10000,
    1000000
  ],
  "sections": {
    "Insertion (keys/sec)": {
      "BTreeMap": [
        19277459.89324469,
        6652142.435751154,
        921100.908255112
      ],
      "BTreeMapU64": [
        43181782.727286905,
        0.0,
        0.0
      ],
      "BitTrie": [
        20730351.366595693,
        8348742.679352489,
        0.0
      ],
      "CTree": [
        39411211.90906369,
        11639570.040102504,
        3824200.568665603
      ],
      "CTreeFixed": [
        27442692.453259572,
        8462637.320517803,
        2734704.0680443593
      ],
      "CTreeFixedOpt": [
        27306641.125341635,
        8117399.988666231,
        2743784.4040125404
      ],
      "CTreeOpt": [
        41404443.12686245,
        11711108.404532729,
        3856344.0963776554
      ],
      "DynTrie": [
        35593470.70657361,
        0.0,
        0.0
      ],
      "FixedLen": [
        7783276.319381799,
        0.0,
        0.0
      ],
      "HashMap": [
        17376990.73806394,
        14974878.85323008,
        0.0
      ],
      "HashMapU64": [
        39149568.21055061,
        0.0,
        0.0
      ],
      "LinkedList": [
        55626197.38556873,
        0.0,
        0.0
      ],
      "LinkedListU64": [
        122144280.17646116,
        0.0,
        0.0
      ],
      "NibbleOpt": [
        37671705.39670081,
        0.0,
        0.0
      ],
      "NibbleTrie": [
        38255531.14002315,
        0.0,
        0.0
      ],
      "PolyTrie": [
        10527705.57700868,
        0.0,
        0.0
      ],
      "SortedVec": [
        14371562.892624613,
        1354816.1074226992,
        0.0
      ],
      "SortedVecU64": [
        54303314.03785388,
        0.0,
        0.0
      ]
    },
    "Iter backward (keys/sec)": {
      "BTreeMap": [
        879227645.487886,
        777105118.9323047,
        31055884.738169163
      ],
      "BitTrie": [
        133303771.0064298,
        102953532.2944436,
        0.0
      ],
      "CTree": [
        551698954.2089868,
        539921812.3016201,
        459697724.8416349
      ],
      "CTreeFixed": [
        493589795.95191735,
        547180428.3075215,
        364301196.8295769
      ],
      "CTreeFixedOpt": [
        492710917.9737903,
        549034609.9109097,
        365062130.6081875
      ],
      "CTreeOpt": [
        538558741.5663764,
        539321367.131271,
        486287608.5378074
      ],
      "DynTrie": [
        146168581.5931038,
        0.0,
        0.0
      ],
      "DynTrieOpt": [
        147541653.0817543,
        0.0,
        0.0
      ],
      "FixedLen": [
        119574703.06692904,
        0.0,
        0.0
      ],
      "FixedLenOpt": [
        119521231.77301216,
        0.0,
        0.0
      ],
      "LinkedList": [
        962113169.2123786,
        0.0,
        0.0
      ],
      "NibbleOpt": [
        140821332.0452802,
        0.0,
        0.0
      ],
      "NibbleTrie": [
        147068256.24719378,
        0.0,
        0.0
      ],
      "StackedTrie2": [
        142906444.71246156,
        0.0,
        0.0
      ],
      "StackedTrie4": [
        143363644.69554517,
        0.0,
        0.0
      ]
    },
    "Iter forward (keys/sec)": {
      "BTreeMap": [
        861455750.8970221,
        912497362.8826212,
        47459471.4127162
      ],
      "BitTrie": [
        134161243.69442156,
        105384233.48777772,
        0.0
      ],
      "CTree": [
        1226821523.0239725,
        1508667546.9065688,
        908725778.3654916
      ],
      "CTreeFixed": [
        957448381.3297564,
        1149266103.4132762,
        599237521.980622
      ],
      "CTreeFixedOpt": [
        954920012.2806596,
        1192359027.035034,
        601164304.4419209
      ],
      "CTreeOpt": [
        1227167065.0257387,
        1563909452.6316915,
        911709455.5190058
      ],
      "DynTrie": [
        112272445.90205574,
        0.0,
        0.0
      ],
      "DynTrieOpt": [
        111652771.2494114,
        0.0,
        0.0
      ],
      "FixedLen": [
        93535270.30255169,
        0.0,
        0.0
      ],
      "FixedLenOpt": [
        94989724.1153002,
        0.0,
        0.0
      ],
      "LinkedList": [
        948138704.9634116,
        0.0,
        0.0
      ],
      "NibbleOpt": [
        149851132.4674175,
        0.0,
        0.0
      ],
      "NibbleTrie": [
        148713602.03986335,
        0.0,
        0.0
      ],
      "SortedVec": [
        2366066059.776877,
        4784152799.289712,
        0.0
      ],
      "StackedTrie2": [
        152657518.32356495,
        0.0,
        0.0
      ],
      "StackedTrie4": [
        153014222.07490447,
        0.0,
        0.0
      ]
    },
    "Iter fwd index (keys/sec)": {
      "FixedLen": [
        109996174.42588946,
        0.0,
        0.0
      ],
      "FixedLenOpt": [
        109875180.49715546,
        0.0,
        0.0
      ],
      "NibbleOpt": [
        189658996.77579704,
        0.0,
        0.0
      ],
      "NibbleTrie": [
        193824316.56530535,
        0.0,
        0.0
      ],
      "StackedTrie2": [
        197632980.82960084,
        0.0,
        0.0
      ],
      "StackedTrie4": [
        193827558.81164375,
        0.0,
        0.0
      ]
    },
    "Iter rev index (keys/sec)": {
      "FixedLen": [
        172151994.4911362,
        0.0,
        0.0
      ],
      "FixedLenOpt": [
        166950211.18407592,
        0.0,
        0.0
      ],
      "NibbleOpt": [
        193517684.13154992,
        0.0,
        0.0
      ],
      "NibbleTrie": [
        188920765.3634971,
        0.0,
        0.0
      ],
      "StackedTrie2": [
        179022470.99835968,
        0.0,
        0.0
      ],
      "StackedTrie4": [
        185896555.849568,
        0.0,
        0.0
      ]
    },
    "Lookup (keys/sec)": {
      "BTreeMap": [
        35982474.14659233,
        10123192.518595789,
        1830156.7048710077
      ],
      "BTreeMapU64": [
        170818541.75087726,
        0.0,
        0.0
      ],
      "BitTrie": [
        70833012.91081062,
        25068668.6406115,
        0.0
      ],
      "CTree": [
        166162519.99274662,
        27001468.103110246,
        4583684.703132739
      ],
      "CTreeFixed": [
        145632603.80966517,
        20709296.142797347,
        5297878.540916039
      ],
      "CTreeFixedOpt": [
        138786660.44580176,
        20383486.772745814,
        5391688.791255689
      ],
      "CTreeOpt": [
        166614235.52029085,
        27013862.085846953,
        4741323.914310278
      ],
      "DynTrie": [
        145793152.98170817,
        0.0,
        0.0
      ],
      "DynTrieOpt": [
        145169407.3819181,
        0.0,
        0.0
      ],
      "FixedLen": [
        286769721.85525084,
        0.0,
        0.0
      ],
      "FixedLenOpt": [
        275620330.40586656,
        0.0,
        0.0
      ],
      "HashMap": [
        75059468.66267183,
        56963064.40513029,
        0.0
      ],
      "HashMapU64": [
        95640669.64176728,
        0.0,
        0.0
      ],
      "LinkedList": [
        10233335.03367254,
        0.0,
        0.0
      ],
      "LinkedListU64": [
        13816305.468837984,
        0.0,
        0.0
      ],
      "NibbleOpt": [
        146410702.85649866,
        0.0,
        0.0
      ],
      "NibbleOptUnchecked": [
        284046115.3463739,
        0.0,
        0.0
      ],
      "NibbleTrie": [
        146191221.3491229,
        0.0,
        0.0
      ],
      "NibbleUnchecked": [
        284382115.1631909,
        0.0,
        0.0
      ],
      "SortedVec": [
        27446070.11122965,
        8976795.378306296,
        0.0
      ],
      "SortedVecU64": [
        232682678.77232435,
        0.0,
        0.0
      ],
      "StackedTrie2": [
        123911861.89710248,
        0.0,
        0.0
      ],
      "StackedTrie4": [
        131483810.85397623,
        0.0,
        0.0
      ]
    },