{
  "sizes": [
    10,
    100,
    1000,
    10000
  ],
  "sections": {
    "Insertion (keys/sec)": {
      "BTreeMap": [
        23648486.14529676,
        13891228.162556088,
        14023522.631065724,
        8764033.562445687
      ],
      "BitTrie": [
        21071075.754178233,
        21636823.310978446,
        18695569.8336337,
        10835494.872119544
      ],
      "DynNibbleTrie": [
        21156357.291986268,
        18361534.62690488,
        18596820.732847076,
        11311095.320013316
      ],
      "HashMap": [
        21427002.69659721,
        12108150.72223019,
        12408574.02838916,
        12115173.41500579
      ],
      "NibbleTrie": [
        22263017.595594097,
        20427416.554003377,
        20987072.708868746,
        11995225.972054476
      ],
      "SortedVec": [
        31891475.614922103,
        19846384.549589623,
        12959130.13346686,
        8320512.315041857
      ]
    },
    "Iter backward (keys/sec)": {
      "BTreeMap": [
        420847549.7394056,
        990689150.28673,
        995738338.7368404,
        799143406.4279495
      ],
      "BitTrie": [
        94883241.06234549,
        158748565.63093555,
        165728582.19824427,
        163406993.22962108
      ],
      "DynNibbleOpt": [
        0.0,
        0.0,
        131463347.25455396,
        133342949.26119182
      ],
      "DynNibbleTrie": [
        98257396.31534764,
        132200218.21523486,
        131806733.0034945,
        133155120.29186969
      ],
      "NibbleOpt": [
        0.0,
        0.0,
        114558809.2977688,
        112958402.95644622
      ],
      "NibbleTrie": [
        89379923.0336417,
        114359430.4122866,
        114822830.33013104,
        112322908.11624418
      ]
    },
    "Iter forward (keys/sec)": {
      "BTreeMap": [
        413320624.8334922,
        947744612.8463256,
        924655165.3543116,
        875023401.0793338
      ],
      "BitTrie": [
        93165105.66782258,
        163225127.80138263,
        175562622.54036152,
        173087507.02063638
      ],
      "DynNibbleOpt": [
        0.0,
        0.0,
        112141896.41826834,
        110549013.68169992
      ],
      "DynNibbleTrie": [
        84670563.09491232,
        112538842.44562058,
        112002633.55122134,
        110731038.94929595
      ],
      "NibbleOpt": [
        0.0,
        0.0,
        109834434.33022656,
        109464905.55877772
      ],
      "NibbleTrie": [
        77003397.07387091,
        111180967.9798812,
        109968993.78573686,
        108052042.00337934
      ],
      "SortedVec": [
        511353018.494557,
        2604906165.3405495,
        4478469496.172182,
        4977509975.20368
      ]
    },
    "Iter fwd index (keys/sec)": {
      "NibbleOpt": [
        0.0,
        0.0,
        141819617.1243471,
        141394803.177424
      ],
      "NibbleTrie": [
        101159742.21810707,
        143406992.4711329,
        141802651.7301207,
        140556831.8021589
      ]
    },
    "Iter rev index (keys/sec)": {
      "NibbleOpt": [
        0.0,
        0.0,
        152118653.17881277,
        151916466.99779022
      ],
      "NibbleTrie": [
        110781653.06132108,
        150650707.58697656,
        151477896.99503005,
        151853398.47782463
      ]
    },
    "Lookup (keys/sec)": {
      "BTreeMap": [
        82229595.9707498,
        35320283.3514508,
        35108444.30148327,
        16642461.24984852
      ],
      "BitTrie": [
        128701924.65887012,
        50408225.19419381,
        27722263.405600183,
        17443923.330810055
      ],
      "DynNibbleOpt": [
        0.0,
        0.0,
        49029661.15601175,
        25518509.659492698
      ],
      "DynNibbleTrie": [
        123838449.7833279,
        50167249.97452926,
        50110768.117276154,
        25859385.68443368
      ],
      "HashMap": [
        78900131.51823586,
        77287181.72196351,
        76649037.03370585,
        50901738.76753311
      ],
      "NibbleOpt": [
        0.0,
        0.0,
        52658868.9874266,
        26287999.252930257
      ],
      "NibbleOptUnchecked": [
        0.0,
        0.0,
        60390031.70525498,
        43321911.0894329
      ],
      "NibbleTrie": [
        119012757.2627066,
        53057872.55499012,
        53229799.731750146,
        26245205.368625347
      ],
      "NibbleUnchecked": [
        135219709.25316235,
        60285532.9679761,
        43664644.023989595
      ],
      "SortedVec": [
        57865858.11935961,
        31817220.07514317,
        18727032.215065673,
        12089342.841457156
      ]
    },
    "Memory (bytes/key)": {
      "BTreeMap": [
        46.1,
        74.149,
        74.149,
        75.2079
      ],
      "BitTrie": [
        76.8,
        71.68,
        57.344,
        78.6432
      ],
      "DynNibbleOpt": [
        0.0,
        0.0,
        66.454,
        101.3168
      ],
      "DynNibbleTrie": [
        76.8,
        72.448,
        72.448,
        102.8096
      ],
      "HashMap": [
        63.7,
        77.989,
        77.989,
        65.6831
      ],
      "NibbleOpt": [
        0.0,
        0.0,
        125.078,
        123.0256
      ],
      "NibbleTrie": [
        121.6,
        131.072,
        131.072,
        124.5184
      ],
      "SortedVec": [
        41.3,
        44.07,
        42.389,
        43.6143
      ]
    },
    "Optimize (keys/sec)": {
      "DynNibbleOpt": [
        0.0,
        0.0,
        15298980.554995714,
        8726579.950641697
      ],
      "NibbleOpt": [
        0.0,
        0.0,
        17486933.543823555,
        9343974.440260382
      ]
    }
  }
}