{
  "sizes": [
    10,
    100,
    1000,
    10000
  ],
  "sections": {
    "Insertion (keys/sec)": {
      "BTreeMap": [
        30796960.827011805,
        19628577.09345053,
        13624147.309225973,
        12786476.20059683
      ],
      "BitTrie": [
        19584278.1199093,
        14148986.742399422,
        14186623.267125828,
        18104538.36142859
      ],
      "DynNibbleTrie": [
        12010078.732936691,
        8688858.215280842,
        9348185.117858289,
        14387784.592908025
      ],
      "HashMap": [
        20852443.644591164,
        14087239.343003437,
        9454038.338975042,
        15742602.325594343
      ],
      "NibbleTrie": [
        11338940.33969552,
        8615168.882009998,
        9649244.376949422,
        9464239.316423748
      ],
      "SortedVec": [
        39187298.6480382,
        21128809.68623112,
        13469715.00103515,
        12721570.760664184
      ]
    },
    "Iter backward (keys/sec)": {
      "BTreeMap": [
        418422351.63155293,
        986162755.622676,
        1013848131.5775552,
        1178728632.281877
      ],
      "BitTrie": [
        98958863.46871503,
        157107313.62965688,
        171347709.65130597,
        250869608.89427975
      ],
      "DynNibbleOpt": [
        0.0,
        0.0,
        125474969.00768264,
        181859688.1106349
      ],
      "DynNibbleTrie": [
        78632813.7811914,
        124481327.59336103,
        123429281.98675203,
        180465913.0410138
      ],
      "NibbleOpt": [
        0.0,
        0.0,
        109916523.29888144,
        158742274.36362106
      ],
      "NibbleTrie": [
        68532857.94401427,
        103519688.09523588,
        109121321.47548307,
        156103889.8386396
      ]
    },
    "Iter forward (keys/sec)": {
      "BTreeMap": [
        415255940.63981265,
        870943673.8716898,
        920107477.4312288,
        1293381970.1087368
      ],
      "BitTrie": [
        91473333.07906,
        161174107.04710045,
        171896714.73740187,
        226111264.1896931
      ],
      "DynNibbleOpt": [
        0.0,
        0.0,
        110853879.46488172,
        159839558.25674084
      ],
      "DynNibbleTrie": [
        69776052.55783816,
        111717441.06260473,
        109437498.3517942,
        159644953.41024163
      ],
      "NibbleOpt": [
        0.0,
        0.0,
        107946988.59360154,
        153574761.52055842
      ],
      "NibbleTrie": [
        67613104.89521058,
        92952465.97939745,
        107811841.04940902,
        153132127.67304814
      ],
      "SortedVec": [
        508915660.33060247,
        2659559036.1705832,
        4501402619.631478,
        7227175844.373889
      ]
    },
    "Iter fwd index (keys/sec)": {
      "NibbleOpt": [
        0.0,
        0.0,
        130941692.76714152,
        190135550.69774112
      ],
      "NibbleTrie": [
        71729977.13080092,
        100655545.97377816,
        132473700.25617422,
        188886354.68937084
      ]
    },
    "Iter rev index (keys/sec)": {
      "NibbleOpt": [
        0.0,
        0.0,
        139895655.66154176,
        203409025.46735895
      ],
      "NibbleTrie": [
        83042247.9239438,
        125317883.7086751,
        139561018.48367563,
        201542586.5508693
      ]
    },
    "Lookup (keys/sec)": {
      "BTreeMap": [
        58031226.489110805,
        42881133.62000516,
        32480257.13393122,
        16430549.374147467
      ],
      "BitTrie": [
        78324264.3998151,
        24198594.277032454,
        16105376.746077992,
        12110554.044118352
      ],
      "DynNibbleOpt": [
        0.0,
        0.0,
        20137741.04878785,
        12501109.399779717
      ],
      "DynNibbleTrie": [
        59842294.314982034,
        25666807.804826364,
        19531831.088724744,
        12466496.307089295
      ],
      "HashMap": [
        60617362.6956078,
        47090777.11388232,
        45058272.6320725,
        31497393.120823428
      ],
      "NibbleOpt": [
        0.0,
        0.0,
        21103419.803679336,
        12464364.363434616
      ],
      "NibbleOptUnchecked": [
        0.0,
        0.0,
        22914697.243381787,
        15553106.528795388
      ],
      "NibbleTrie": [
        56780733.15792166,
        24393936.087887447,
        21518513.992809888,
        13003949.932208326
      ],
      "NibbleUnchecked": [
        62257280.95327674,
        26604198.00468515,
        23510460.7727962
      ],
      "SortedVec": [
        51301498.999620765,
        27834788.60165407,
        18936803.360233907,
        11803515.706559738
      ]
    },
    "Memory (bytes/key)": {
      "BTreeMap": [
        72.1,
        131.21,
        121.261,
        81.0508
      ],
      "BitTrie": [
        115.2,
        133.12,
        106.496,
        85.1968
      ],
      "DynNibbleOpt": [
        0.0,
        0.0,
        144.286,
        81.7741
      ],
      "DynNibbleTrie": [
        140.8,
        153.6,
        152.32,
        96.9728
      ],
      "HashMap": [
        89.7,
        108.17,
        125.101,
        64.2652
      ],
      "NibbleOpt": [
        0.0,
        0.0,
        172.19,
        128.9805
      ],
      "NibbleTrie": [
        230.4,
        225.28,
        180.224,
        144.1792
      ],
      "SortedVec": [
        67.3,
        97.77,
        89.501,
        59.2812
      ]
    },
    "Optimize (keys/sec)": {
      "DynNibbleOpt": [
        0.0,
        0.0,
        8476998.842261683,
        8281449.011072117
      ],
      "NibbleOpt": [
        0.0,
        0.0,
        8784904.519801077,
        8318769.235318712
      ]
    }
  }
}