{
  "sizes": [
    10,
    100,
    1000,
    10000
  ],
  "sections": {
    "Insertion (keys/sec)": {
      "BTreeMap": [
        4539714.230518438,
        3417458.9477743898,
        16599058.232664196,
        14797051.754024744
      ],
      "BitTrie": [
        2368812.947423581,
        2217574.861571369,
        20330500.784553237,
        12825650.744878508
      ],
      "DynNibbleTrie": [
        2064495.7089456692,
        1398806.969899992,
        0.0,
        0.0
      ],
      "HashMap": [
        1746717.2532871193,
        1771974.9159230902,
        16606137.9861919,
        16713534.172912434
      ],
      "LinkedList": [
        8253077.437419456,
        8324738.744953217,
        0.0,
        0.0
      ],
      "NibbleTrie": [
        2087165.715048787,
        1378712.2701600147,
        0.0,
        0.0
      ],
      "SortedVec": [
        6010991.961443563,
        3894295.840892042,
        5178268.579919623,
        814893.1357290735
      ]
    },
    "Iter backward (keys/sec)": {
      "BTreeMap": [
        406936002.0647479,
        957798626.0550344,
        1027619376.6856748,
        876576680.842398
      ],
      "BitTrie": [
        88254525.67552824,
        145726009.8524843,
        152728767.54681578,
        153217341.3726925
      ]
    },
    "Iter forward (keys/sec)": {
      "BTreeMap": [
        398084785.0478803,
        841565716.7581543,
        929143790.9426472,
        898928361.2535974
      ],
      "BitTrie": [
        88822707.45006987,
        152050576.43216068,
        159696208.87381122,
        157167653.09402016
      ],
      "SortedVec": [
        492072825.4045799,
        2536695325.167488,
        4348152065.184793,
        4748561837.457816
      ]
    },
    "Iter fwd index (keys/sec)": {},
    "Iter rev index (keys/sec)": {},
    "Lookup (keys/sec)": {
      "BTreeMap": [
        74187032.95223187,
        49549842.94335585,
        34135350.233608305,
        17810697.704128206
      ],
      "BitTrie": [
        109906005.6587128,
        65833252.2050589,
        42412612.073043674,
        27934592.84053682
      ],
      "HashMap": [
        75228104.73403266,
        79796267.28353041,
        75704094.42762245,
        59500317.067151286
      ],
      "SortedVec": [
        59491847.3526128,
        31780431.40193882,
        18135636.797601856,
        11981574.50289248
      ]
    },
    "Memory (bytes/key)": {
      "BTreeMap": [
        44.8,
        73.44,
        71.76,
        71.5936
      ],
      "BitTrie": [
        76.8,
        61.44,
        49.152,
        78.6432
      ],
      "DynNibbleOpt": [
        59.3,
        43.85,
        0.0,
        0.0
      ],
      "DynNibbleTrie": [
        65.6,
        47.36,
        0.0,
        0.0
      ],
      "HashMap": [
        62.4,
        50.4,
        75.6,
        62.0688
      ],
      "LinkedList": [
        56.0,
        56.0,
        0.0,
        0.0
      ],
      "NibbleOpt": [
        81.7,
        52.81,
        0.0,
        0.0
      ],
      "NibbleTrie": [
        88.0,
        56.32,
        0.0,
        0.0
      ],
      "SortedVec": [
        40.0,
        40.0,
        40.0,
        40.0
      ]
    },
    "Optimize (keys/sec)": {}
  }
}