{
  "sizes": [
    10,
    100,
    1000,
    10000
  ],
  "sections": {
    "Insertion (keys/sec)": {
      "BTreeMap": [
        23648486.14529676,
        13891228.162556088,
        8417826.361503672
      ],
      "DynNibbleTrie": [
        21156357.291986268,
        18361534.62690488,
        11067371.062211568
      ],
      "HashMap": [
        21427002.69659721,
        12108150.72223019,
        11664276.657379508
      ],
      "NibbleTrie": [
        22263017.595594097,
        20427416.554003377,
        11798765.642635385
      ],
      "SortedVec": [
        31891475.614922103,
        19846384.549589626,
        12959130.13346686,
        8320512.315041857
      ]
    },
    "Iter backward (keys/sec)": {
      "BTreeMap": [
        420847549.7394056,
        990689150.28673,
        806562121.3797888
      ],
      "DynNibbleTrie": [
        98257396.31534764,
        132200218.21523486,
        133515202.93227383
      ],
      "NibbleTrie": [
        89379923.0336417,
        114359430.4122866,
        113224043.4266691
      ]
    },
    "Iter forward (keys/sec)": {
      "BTreeMap": [
        413320624.8334922,
        947744612.8463256,
        882395692.5854267
      ],
      "DynNibbleTrie": [
        84670563.09491232,
        112538842.44562058,
        110641254.73820648
      ],
      "NibbleTrie": [
        77003397.07387091,
        111180967.9798812,
        109824160.2295588
      ],
      "SortedVec": [
        511353018.494557,
        2604906165.3405495,
        4478469496.172182,
        4977509975.20368
      ]
    },
    "Iter fwd index (keys/sec)": {
      "NibbleTrie": [
        101159742.21810707,
        143406992.4711329,
        141245972.30047688
      ]
    },
    "Iter rev index (keys/sec)": {
      "NibbleTrie": [
        110781653.06132108,
        150650707.58697656,
        149800356.86303887
      ]
    },
    "Lookup (keys/sec)": {
      "BTreeMap": [
        82229595.9707498,
        35320283.3514508,
        16667943.134147389
      ],
      "DynNibbleTrie": [
        123838449.7833279,
        50167249.97452926,
        25741635.31995687
      ],
      "HashMap": [
        78900131.51823586,
        77287181.72196351,
        49406042.00786569
      ],
      "NibbleTrie": [
        119012757.2627066,
        53057872.55499012,
        26452772.401581418
      ],
      "NibbleUnchecked": [
        135219709.25316235,
        60285532.9679761,
        43664644.023989595
      ],
      "SortedVec": [
        57865858.11935961,
        31817220.07514317,
        18727032.215065673,
        12089342.841457155
      ]
    },
    "Memory (bytes/key)": {
      "BTreeMap": [
        46.1,
        74.149,
        75.2079
      ],
      "DynNibbleTrie": [
        76.8,
        72.448,
        102.8096
      ],
      "HashMap": [
        63.7,
        77.989,
        65.6831
      ],
      "NibbleTrie": [
        121.6,
        131.072,
        124.5184
      ],
      "SortedVec": [
        41.3,
        44.07,
        42.389,
        43.6143
      ]
    },
    "Optimize (keys/sec)": {}
  }
}