{
  "sizes": [
    10,
    100,
    1000,
    10000
  ],
  "sections": {
    "Insertion (keys/sec)": {
      "BTreeMap": [
        30796960.827011805,
        19628577.09345053,
        13217654.972943414
      ],
      "DynNibbleTrie": [
        12010078.732936691,
        8688858.215280842,
        8899265.593344271
      ],
      "HashMap": [
        20852443.644591164,
        14087239.343003437,
        9597207.170014828
      ],
      "NibbleTrie": [
        11338940.33969552,
        8615168.882009998,
        9120407.345781775
      ],
      "SortedVec": [
        39187298.6480382,
        21128809.686231118,
        13469715.00103515,
        12721570.760664184
      ]
    },
    "Iter backward (keys/sec)": {
      "BTreeMap": [
        418422351.63155293,
        986162755.622676,
        1034492225.3423142
      ],
      "DynNibbleTrie": [
        78632813.7811914,
        124481327.59336103,
        126395327.7863659
      ],
      "NibbleTrie": [
        68532857.94401427,
        103519688.09523588,
        109181669.1249517
      ]
    },
    "Iter forward (keys/sec)": {
      "BTreeMap": [
        415255940.63981265,
        870943673.8716898,
        956457544.7262088
      ],
      "DynNibbleTrie": [
        69776052.55783816,
        111717441.06260473,
        106730288.78075849
      ],
      "NibbleTrie": [
        67613104.89521058,
        92952465.97939745,
        108783615.28674456
      ],
      "SortedVec": [
        508915660.33060247,
        2659559036.1705832,
        4501402619.631478,
        7227175844.373889
      ]
    },
    "Iter fwd index (keys/sec)": {
      "NibbleTrie": [
        71729977.13080092,
        100655545.97377816,
        133822114.5253991
      ]
    },
    "Iter rev index (keys/sec)": {
      "NibbleTrie": [
        83042247.9239438,
        125317883.7086751,
        141495264.6933748
      ]
    },
    "Lookup (keys/sec)": {
      "BTreeMap": [
        58031226.489110805,
        42881133.62000516,
        31376089.324695393
      ],
      "DynNibbleTrie": [
        59842294.314982034,
        25666807.804826364,
        21066710.42753182
      ],
      "HashMap": [
        60617362.6956078,
        47090777.11388232,
        45419985.669994526
      ],
      "NibbleTrie": [
        56780733.15792166,
        24393936.087887447,
        21633784.332803987
      ],
      "NibbleUnchecked": [
        62257280.95327674,
        26604198.00468515,
        23510460.7727962
      ],
      "SortedVec": [
        51301498.999620765,
        27834788.60165407,
        18936803.360233907,
        11803515.706559738
      ]
    },
    "Memory (bytes/key)": {
      "BTreeMap": [
        72.1,
        131.21,
        121.261
      ],
      "DynNibbleTrie": [
        140.8,
        153.6,
        152.32
      ],
      "HashMap": [
        89.7,
        108.17,
        125.101
      ],
      "NibbleTrie": [
        230.4,
        225.28,
        180.224
      ],
      "SortedVec": [
        67.3,
        97.77,
        89.501,
        59.2812
      ]
    },
    "Optimize (keys/sec)": {}
  }
}