{
  "sizes": [
    10,
    100,
    1000,
    10000,
    100000,
    1000000,
    10000000
  ],
  "sections": {
    "Insertion (keys/sec)": {
      "BTreeMap": [
        23648486.14529676,
        13891228.162556088,
        14023522.631065724,
        8764033.562445687,
        4119587.569088722,
        563223.05424617
      ],
      "BitTrie": [
        17462814.554698233,
        19405018.767622296,
        16413256.87042598,
        9289410.089946352,
        4711819.705573781,
        5588814.135679543
      ],
      "DynNibbleTrie": [
        21156357.291986268,
        18361534.62690488,
        18596820.732847076,
        11311095.320013316,
        4742016.362591015,
        6567486.234626255
      ],
      "HashMap": [
        21427002.69659721,
        12108150.72223019,
        12408574.02838916,
        12115173.41500579,
        4927485.52530969,
        2171222.877564739
      ],
      "NibbleTrie": [
        22263017.595594097,
        20427416.554003377,
        20987072.708868746,
        11995225.972054476,
        4565141.907135976,
        6242986.751741966
      ],
      "PolyTrie": [
        10102693.954371177,
        7260478.149591008,
        3679175.301742095,
        2598846.235716538,
        1948135.6341980724,
        1829861.939226886,
        16351401.668149725
      ],
      "SortedVec": [
        31891475.614922103,
        19846384.549589623,
        12959130.13346686,
        8320512.315041857,
        3856676.680077721,
        2973089.3964752797
      ]
    },
    "Iter backward (keys/sec)": {
      "BTreeMap": [
        420847549.7394056,
        990689150.28673,
        995738338.7368404,
        799143406.4279495,
        222734990.44583136,
        50748572.36417325
      ],
      "BitTrie": [
        85978657.42064027,
        140658091.49018547,
        145436919.06435454,
        145697383.42069113,
        71916748.75183897,
        71162299.91065355
      ],
      "DynNibbleOpt": [
        98670665.80649672,
        158813346.4266997,
        131463347.25455396,
        141151063.3674182,
        72055788.80172072,
        64660923.773562275
      ],
      "DynNibbleTrie": [
        98257396.31534764,
        132200218.21523486,
        131806733.0034945,
        133155120.29186969,
        67986336.00421038,
        65663585.555134624
      ],
      "NibbleOpt": [
        88127382.13586009,
        141267527.67973062,
        114558809.2977688,
        121246993.19581574,
        67351615.30675559,
        58418770.131392166
      ],
      "NibbleTrie": [
        89379923.0336417,
        114359430.4122866,
        114822830.33013104,
        112322908.11624418,
        59369287.67379347,
        59814434.0028054
      ],
      "PolyTrie": [
        72649562.20299184,
        110415540.17301692,
        110863995.1774162,
        100685270.20874669,
        55773366.68364098,
        53151224.983609125,
        440392994.0602085
      ]
    },
    "Iter forward (keys/sec)": {
      "BTreeMap": [
        413320624.8334922,
        947744612.8463256,
        924655165.3543116,
        875023401.0793338,
        261803139.72511905,
        53179464.44742619
      ],
      "BitTrie": [
        85288724.41358854,
        145205477.42054826,
        154312275.01270303,
        154059277.53901798,
        69820433.80419107,
        69836689.34624793
      ],
      "DynNibbleOpt": [
        82242811.09346648,
        125277237.78546932,
        112141896.41826834,
        117056310.20951772,
        61964077.4724208,
        62831938.983150065
      ],
      "DynNibbleTrie": [
        84670563.09491232,
        112538842.44562058,
        112002633.55122134,
        110731038.94929595,
        61951613.590503536,
        63715449.03465196
      ],
      "NibbleOpt": [
        79134469.26275098,
        117959807.18059,
        109834434.33022656,
        115042388.0201012,
        64096850.98580792,
        64781395.9567208
      ],
      "NibbleTrie": [
        77003397.07387091,
        111180967.9798812,
        109968993.78573686,
        108052042.00337934,
        63955539.96332815,
        65492387.59056699
      ],
      "PolyTrie": [
        73089479.62792324,
        105233641.6865423,
        107151383.15141666,
        98680227.4294806,
        57621551.49094875,
        56765623.62387711,
        480024197.81196624
      ],
      "SortedVec": [
        511353018.494557,
        2604906165.3405495,
        4478469496.172182,
        4977509975.20368,
        2540901792.7407374,
        5032970363.354015
      ]
    },
    "Iter fwd index (keys/sec)": {
      "NibbleOpt": [
        96488865.41677888,
        165167769.03104332,
        141819617.1243471,
        147552732.70470926,
        72983815.47399956,
        75096204.66611402
      ],
      "NibbleTrie": [
        101159742.21810707,
        143406992.4711329,
        141802651.7301207,
        140556831.8021589,
        73116005.2617236,
        75909066.82090123
      ]
    },
    "Iter rev index (keys/sec)": {
      "NibbleOpt": [
        107085904.85987656,
        197939935.64935467,
        152118653.17881277,
        160942297.93975988,
        77350756.76784955,
        70227076.47757167
      ],
      "NibbleTrie": [
        110781653.06132108,
        150650707.58697656,
        151477896.99503005,
        151853398.47782463,
        77453911.86301199,
        71321655.10191931
      ]
    },
    "Lookup (keys/sec)": {
      "BTreeMap": [
        82229595.9707498,
        35320283.3514508,
        35108444.30148327,
        16642461.24984852,
        11986094.206951816,
        9949157.779095216
      ],
      "BitTrie": [
        116726192.93806534,
        48214711.33314586,
        26150061.68348667,
        16677005.235123407,
        11155959.051498486,
        9784308.5623969
      ],
      "DynNibbleOpt": [
        138636027.57386953,
        101352805.3364798,
        49029661.15601175,
        23604054.469135985,
        18595619.708799496,
        19703060.941546805
      ],
      "DynNibbleTrie": [
        123838449.7833279,
        50167249.97452926,
        50110768.117276154,
        25859385.68443368,
        18318514.375333693,
        19695550.658656266
      ],
      "HashMap": [
        78900131.51823586,
        77287181.72196351,
        76649037.03370585,
        50901738.76753311,
        15816930.241583852,
        11073815.484897131
      ],
      "NibbleOpt": [
        135215911.5490055,
        96852594.91523878,
        52658868.9874266,
        24632016.258574262,
        17882625.134123933,
        19018263.732661873
      ],
      "NibbleOptUnchecked": [
        141039461.1214148,
        108910769.17825232,
        60390031.70525498,
        32212929.77164237,
        20393295.1128261,
        20945639.92731612
      ],
      "NibbleTrie": [
        119012757.2627066,
        53057872.55499012,
        53229799.731750146,
        26245205.368625347,
        17902556.964276545,
        19048978.89072546
      ],
      "NibbleUnchecked": [
        135219709.25316235,
        60285532.9679761,
        43664644.023989595,
        26824986.007740363,
        20703340.322924037,
        20971121.60165727
      ],
      "PolyTrie": [
        95521188.68073912,
        51181518.03279887,
        24327683.66712927,
        15192411.800500767,
        8139812.141166401,
        9623498.821096132,
        7707524.381290895
      ],
      "SortedVec": [
        57865858.11935961,
        31817220.07514317,
        18727032.215065673,
        12089342.841457156,
        7647696.937955657,
        6426260.845172967
      ]
    },
    "Memory (bytes/key)": {
      "BTreeMap": [
        46.1,
        74.149,
        74.149,
        75.2079,
        72.97242,
        72.242452
      ],
      "BitTrie": [
        76.8,
        71.68,
        57.344,
        78.6432,
        62.91456,
        58.720256
      ],