{
  "sizes": [
    10,
    100,
    1000,
    100000,
    10000000
  ],
  "sections": {
    "Insertion (keys/sec)": {
      "BTreeMap": [
        24498245.737305243,
        15161423.740414081,
        14216481.497249331,
        8021500.067485726,
        5132913.499745441
      ],
      "BitTrie": [
        8811136.479950976,
        6729916.3302286,
        8511975.447206823,
        4627831.571465272,
        2567693.2889441987
      ],
      "DynNibbleTrie": [
        23755840.86648369,
        24828875.158710405,
        23917686.594593707,
        23231495.37052952,
        16970723.99368633
      ],
      "HashMap": [
        22990621.919256665,
        19381937.682778604,
        16534720.80297188,
        12057621.361554645,
        2358165.567441195
      ],
      "LinkedList": [
        67651136.00858298,
        59185589.6721146,
        58628044.548035935,
        55285735.20224599,
        42074651.59011847
      ],
      "NibbleTrie": [
        25428082.495333876,
        27332344.410535567,
        25427804.142338593,
        26859541.12403084,
        18771659.0863563
      ],
      "PolyTrie": [
        8935107.779625718,
        7730813.10082907,
        8581461.919762732,
        5763097.343201394,
        4624962.614114708
      ],
      "SortedVec": [
        32487290.321830194,
        19272411.108274385,
        13825437.128824659,
        8176759.690625297,
        3314584.8108274667
      ],
      "TinyTrie": [
        14523188.99789996,
        9766636.45855855,
        7839632.434913473,
        5096299.648173656,
        3607666.752909744
      ]
    },
    "Iter backward (keys/sec)": {
      "BTreeMap": [
        421237891.99648005,
        989983946.5408669,
        1093596991.4773989,
        362727743.5697462,
        53739653.10520432
      ],
      "BitTrie": [
        97976478.72950536,
        175433651.84346256,
        190953979.1860163,
        185885377.14092183,
        182311097.63187167
      ],
      "DynNibbleOpt": [
        115158739.41480114,
        180575534.74136728,
        189675787.27860457,
        191729568.81782284,
        188459320.36782208
      ],
      "DynNibbleTrie": [
        114388726.7399213,
        180923883.89777434,
        189174480.23126683,
        191741597.78731418,
        188478160.70345053
      ],
      "LinkedList": [
        482965601.0651364,
        1069364874.335243,
        712397264.9089025,
        698419167.5874276,
        438368385.1988432
      ],
      "NibbleOpt": [
        107990274.22252034,
        160600917.96011686,
        172355226.4722556,
        171713183.23395258,
        168630965.87795407
      ],
      "NibbleTrie": [
        106998242.48554131,
        160269782.45045882,
        172096868.25984734,
        166917054.4125512,
        167753264.75631183
      ],
      "PolyOpt": [
        93848461.38683423,
        133604014.66173814,
        138468352.32350224,
        140042874.75857517,
        139196245.73010236
      ],
      "PolyTrie": [
        93419777.33753635,
        133165480.09176074,
        138240961.3616513,
        137217015.56797224,
        130782223.59191576
      ],
      "TinyTrie": [
        174429296.77305803,
        333451893.47990406,
        354192340.6134468,
        265158403.01036936,
        69990055.1830491
      ]
    },
    "Iter forward (keys/sec)": {
      "BTreeMap": [
        410183118.02688694,
        882310583.2360989,
        954900218.7818856,
        387030492.50208646,
        53378154.60095724
      ],
      "BitTrie": [
        96992331.26579525,
        179690774.9331369,
        192317643.63540632,
        184434482.4203871,
        173528359.7745436
      ],
      "DynNibbleOpt": [
        97323227.66424254,
        154273953.79495084,
        160513393.17833683,
        154917764.4791905,
        154139940.67176557
      ],
      "DynNibbleTrie": [
        97229352.22896346,
        153948728.52415237,
        160130403.1211061,
        154695830.2512435,
        154081023.64147553
      ],
      "LinkedList": [
        471455256.0423501,
        1063943013.293966,
        716914820.7712948,
        681008023.346449,
        414800015.99408895
      ],
      "NibbleOpt": [
        98618663.24462157,
        155522445.56714404,
        163294662.30663836,
        163559706.57560596,
        162314118.40649968
      ],
      "NibbleTrie": [
        99586397.60992646,
        155290743.31887868,
        163155321.99754372,
        163000655.95242813,
        161943226.1410558
      ],
      "PolyOpt": [
        88338239.34635268,
        127675773.95414211,
        131075979.1589193,
        131586540.01282208,
        131039226.48907413
      ],
      "PolyTrie": [
        87459794.40257317,
        127491059.84031615,
        131089247.91537628,
        130909370.05154522,
        127705950.83187686
      ],
      "SortedVec": [
        510987837.7362919,
        2653907848.248797,
        4416314715.147701,
        4938356441.227011,
        4984152865.96606
      ],
      "TinyTrie": [
        174421315.9010991,
        321416161.5907687,
        331958643.31043774,
        246855462.33748507,
        69078686.84633398
      ]
    },
    "Iter fwd index (keys/sec)": {
      "NibbleOpt": [
        125485052.615784,
        223340709.91034257,
        240671096.39457136,
        240259361.5705465,
        237797544.23295528
      ],
      "NibbleTrie": [
        126032815.71488428,
        223472647.48392788,
        240161690.07133898,
        240157871.38612252,
        237977083.65364596
      ]
    },
    "Iter rev index (keys/sec)": {
      "NibbleOpt": [
        146688070.01260564,
        228891253.0772931,
        253592587.2780642,
        254707138.51949778,
        248347699.66579756
      ],
      "NibbleTrie": [
        146246230.83198243,
        228036953.36644304,
        253713202.774983,
        254280715.22341707,
        247982648.26129663
      ]
    },
    "Lookup (keys/sec)": {
      "BTreeMap": [
        75039585.57266445,
        49126695.60316074,
        34083649.50079036,
        14349023.558463039,
        10175984.358811934
      ],
      "BitTrie": [
        99517569.60041398,
        53170691.785128124,
        32328475.48664947,
        15460266.373327762,
        11062152.959727531
      ],
      "DynNibbleOpt": [
        193981817.6821546,
        153412751.6749832,
        101607456.50171517,
        68163893.2449287,
        43749205.90269501
      ],
      "DynNibbleTrie": [
        193734363.41303167,
        153259846.43568367,
        102080036.72173347,
        68135591.52753241,
        43829962.877489746
      ],
      "HashMap": [
        82401320.60624944,
        85306379.1425903,
        82117655.8038457,
        20858013.3197796,
        8793941.76276615
      ],
      "LinkedList": [
        77922.82438731608,
        8088.467294614
      ],
      "NibbleOpt": [
        184214869.1313227,
        149330649.97423226,
        108470587.70329612,
        68494499.9943922,
        44422828.57246979
      ],
      "NibbleOptUnchecked": [
        215760497.7720233,
        199653602.18296227,
        139467301.67749703,
        76235848.72058123,
        52712572.01604167
      ],
      "NibbleTrie": [
        183912121.5400424,
        149669848.36390233,
        108646043.860491,
        68446204.91058914,
        44394526.31170723
      ],
      "NibbleUnchecked": [
        212380374.902871,
        201019645.0750187,
        139286781.66796973,
        76931202.70686181,
        51561782.24387811
      ],
      "PolyOpt": [
        133095936.87224549,
        76228024.45802775,
        50608109.19606193,
        29512169.761207018,
        20773339.12209664
      ],
      "PolyTrie": [
        132667114.89231607,
        76151847.79790832,
        50558020.160290286,
        22075517.180783927,
        16465590.230324475
      ],