{
  "sizes": [
    10,
    100,
    1000,
    10000,
    100000,
    1000000,
    10000000
  ],
  "sections": {
    "Insertion (keys/sec)": {
      "BTreeMap": [
        23648486.14529676,
        13891228.162556088,
        14023522.631065724,
        8764033.562445687,
        4119587.569088722,
        563223.05424617
      ],
      "BitTrie": [
        17462814.554698233,
        19405018.767622296,
        16413256.87042598,
        9289410.089946352,
        4711819.705573781,
        5588814.135679543
      ],
      "DynNibbleTrie": [
        21156357.291986268,
        18361534.62690488,
        18596820.732847076,
        11311095.320013316,
        4742016.362591015,
        6567486.234626255
      ],
      "FixedLen": [
        10278773.602086792,
        3521392.7124777813,
        2760723.285803256,
        1985912.0586117536,
        1612723.3866547984,
        1183205.514198673,
        0.0
      ],
      "HashMap": [
        21427002.69659721,
        12108150.72223019,
        12408574.02838916,
        12115173.41500579,
        4927485.52530969,
        2171222.877564739
      ],
      "NibbleTrie": [
        22263017.595594097,
        20427416.554003377,
        20987072.708868746,
        11995225.972054476,
        4565141.907135976,
        6242986.751741966
      ],
      "PolyTrie": [
        9538190.803196047,
        3736322.1139599024,
        2199194.3284822986,
        1733880.737503863,
        1078377.879191429,
        1843331.1194634726,
        16351401.668149725
      ],
      "SortedVec": [
        31891475.614922103,
        19846384.549589623,
        12959130.13346686,
        8320512.315041857,
        3856676.680077721,
        2973089.3964752797
      ]
    },
    "Iter backward (keys/sec)": {
      "BTreeMap": [
        420847549.7394056,
        990689150.28673,
        995738338.7368404,
        799143406.4279495,
        222734990.44583136,
        50748572.36417325
      ],
      "BitTrie": [
        85978657.42064027,
        140658091.49018547,
        145436919.06435454,
        145697383.42069113,
        71916748.75183897,
        71162299.91065355
      ],
      "DynNibbleOpt": [
        98670665.80649672,
        158813346.4266997,
        131463347.25455396,
        141151063.3674182,
        72055788.80172072,
        64660923.773562275
      ],
      "DynNibbleTrie": [
        98257396.31534764,
        132200218.21523486,
        131806733.0034945,
        133155120.29186969,
        67986336.00421038,
        65663585.555134624
      ],
      "FixedLen": [
        64865437.048622616,
        86422318.75833178,
        105486690.8185092,
        52040842.74329787,
        38384458.17127091,
        36938521.64853317,
        0.0
      ],
      "FixedLenOpt": [
        65014625.74154201,
        86246286.11434793,
        105612000.45523784,
        51946914.53509082,
        37760965.583613046,
        36871910.889990725,
        0.0
      ],
      "NibbleOpt": [
        88127382.13586009,
        141267527.67973062,
        114558809.2977688,
        121246993.19581574,
        67351615.30675559,
        58418770.131392166
      ],
      "NibbleTrie": [
        89379923.0336417,
        114359430.4122866,
        114822830.33013104,
        112322908.11624418,
        59369287.67379347,
        59814434.0028054
      ],
      "PolyTrie": [
        73575554.48183341,
        108884079.85644522,
        111217710.88956055,
        102579153.31166857,
        54979619.96204381,
        51833557.057598114,
        440392994.0602085
      ]
    },
    "Iter forward (keys/sec)": {
      "BTreeMap": [
        413320624.8334922,
        947744612.8463256,
        924655165.3543116,
        875023401.0793338,
        261803139.72511905,
        53179464.44742619
      ],
      "BitTrie": [
        85288724.41358854,
        145205477.42054826,
        154312275.01270303,
        154059277.53901798,
        69820433.80419107,
        69836689.34624793
      ],
      "DynNibbleOpt": [
        82242811.09346648,
        125277237.78546932,
        117881848.5807655,
        109326664.0061745,
        61964077.4724208,
        62831938.983150065
      ],
      "DynNibbleTrie": [
        84670563.09491232,
        112538842.44562058,
        119389551.27437156,
        109030472.61865498,
        61951613.590503536,
        63715449.03465196
      ],
      "FixedLen": [
        48614717.27757584,
        72518462.43543646,
        94022131.99737535,
        74862426.15492636,
        34540263.79044275,
        36140497.67588183,
        0.0
      ],
      "FixedLenOpt": [
        48582174.850289464,
        71940872.91426134,
        93919181.33221774,
        75029527.76415224,
        34432381.380852185,
        36005722.67459108,
        0.0
      ],
      "NibbleOpt": [
        79134469.26275098,
        117959807.18059,
        116007330.62929729,
        103274279.14553156,
        64096850.98580792,
        64781395.9567208
      ],
      "NibbleTrie": [
        77003397.07387091,
        111180967.9798812,
        120063984.99200188,
        106546825.70369524,
        63955539.96332815,
        65492387.59056699
      ],
      "PolyTrie": [
        67183695.66665164,
        103947069.85534973,
        107775765.74937315,
        98485127.84224051,
        55382550.342950694,
        47978490.834741615,
        480024197.81196624
      ],
      "SortedVec": [
        511353018.494557,
        2604906165.3405495,
        4478469496.172182,
        4977509975.20368,
        2540901792.7407374,
        5032970363.354015
      ]
    },
    "Iter fwd index (keys/sec)": {
      "FixedLen": [
        66204262.28562524,
        117899323.9442494,
        115055064.74669006,
        85343833.64849745,
        54946446.0089257,
        57042182.35358145,
        0.0
      ],
      "FixedLenOpt": [
        66579052.27025885,
        118481438.1526893,
        115430369.79454286,
        86296301.29737824,
        54801232.49280711,
        57090988.14328848,
        0.0
      ],
      "NibbleOpt": [
        96488865.41677888,
        165167769.03104332,
        141819617.1243471,
        147552732.70470926,
        72983815.47399956,
        75096204.66611402
      ],
      "NibbleTrie": [
        101159742.21810707,
        143406992.4711329,
        141802651.7301207,
        140556831.8021589,
        73116005.2617236,
        75909066.82090123
      ]
    },
    "Iter rev index (keys/sec)": {
      "FixedLen": [
        86376208.61798066,
        171683186.95207778,
        173050385.44064486,
        134686218.2130219,
        70441520.60195753,
        65245543.554557,
        0.0
      ],
      "FixedLenOpt": [
        87324603.20984565,
        172006746.47386172,
        174308710.82184875,
        136247613.21431172,
        69486032.2652242,
        64996764.40400974,
        0.0
      ],
      "NibbleOpt": [
        107085904.85987656,
        197939935.64935467,
        152118653.17881277,
        160942297.93975988,
        77350756.76784955,
        70227076.47757167
      ],
      "NibbleTrie": [
        110781653.06132108,
        150650707.58697656,
        151477896.99503005,
        151853398.47782463,
        77453911.86301199,
        71321655.10191931
      ]
    },
    "Lookup (keys/sec)": {
      "BTreeMap": [
        82229595.9707498,
        35320283.3514508,
        35108444.30148327,
        16642461.24984852,
        11986094.206951816,
        9949157.779095216
      ],
      "BitTrie": [
        116726192.93806534,
        48214711.33314586,
        26150061.68348667,
        16677005.235123407,
        11155959.051498486,
        9784308.5623969
      ],
      "DynNibbleOpt": [
        138636027.57386953,
        101352805.3364798,
        28215591.198406924,
        13175003.676293349,
        18595619.708799496,
        19703060.941546805
      ],