{
  "sizes": [
    10000,
    100000,
    10000000
  ],
  "sections": {
    "Insertion (keys/sec)": {
      "BTreeMap": [
        9942091.55284226,
        6752406.363205112,
        4399142.931787326
      ],
      "BitTrie": [
        5252710.013495969,
        4399125.610730734,
        2656183.797192033
      ],
      "HashMap": [
        16126908.71350325,
        7049965.073807933,
        1788218.132457795
      ],
      "NibbleTrie": [
        14608178.997969436,
        15672747.724728314,
        14043447.70389046
      ],
      "PolyTrie": [
        6213276.214685092,
        5574697.201984316,
        4431278.083294092
      ],
      "SortedVec": [
        9561810.564004691,
        7673220.356089901,
        2777769.3302726033
      ],
      "TinyTrie": [
        5549307.940257462,
        4913164.746194002,
        3395530.5775979985
      ]
    },
    "Iter backward (keys/sec)": {
      "BTreeMap": [
        691180173.7183659,
        149260054.2472501,
        43358463.656267576
      ],
      "BitTrie": [
        155355853.27520418,
        149187933.77937454,
        146029686.6338666
      ],
      "NibbleOpt": [
        187174599.01126292,
        183772520.4950104,
        184910656.0876207
      ],
      "NibbleTrie": [
        175977737.21959558,
        166570900.67441216,
        169652520.42211178
      ],
      "PolyOpt": [
        103412213.4135328,
        102191620.79805268,
        102315210.36334
      ],
      "PolyTrie": [
        101675673.90538666,
        95626572.50278188,
        91003938.58220889
      ],
      "TinyTrie": [
        206202296.4107188,
        128956494.27749956,
        47571303.80508274
      ]
    },
    "Iter forward (keys/sec)": {
      "BTreeMap": [
        764777168.2850716,
        135034237.5193552,
        42900838.1433786
      ],
      "BitTrie": [
        161552341.2942562,
        154389130.49058303,
        145513147.51948842
      ],
      "NibbleOpt": [
        176734588.6802845,
        174910585.51204517,
        172692893.39136827
      ],
      "NibbleTrie": [
        165693532.3525775,
        158324566.74374816,
        170641400.62230608
      ],
      "PolyOpt": [
        122538757.41615357,
        121312963.14800166,
        121069799.84488736
      ],
      "PolyTrie": [
        122896040.47037512,
        118203008.8636224,
        115040609.03424008
      ],
      "SortedVec": [
        2439377940.3518925,
        2444403849.748899,
        2446650296.94508
      ],
      "TinyTrie": [
        207482436.8708844,
        114468997.21629424,
        48476194.53418659
      ]
    },
    "Lookup (keys/sec)": {
      "BTreeMap": [
        16001154.14105584,
        10514663.181947572,
        7475673.681266961
      ],
      "BitTrie": [
        13319745.042320233,
        9292885.069121793,
        7424519.595536146
      ],
      "HashMap": [
        56563367.26889051,
        12759822.296878995,
        6766457.361481969
      ],
      "NibbleOpt": [
        31611335.81302331,
        27544089.28148019,
        23423203.848824028
      ],
      "NibbleTrie": [
        30982164.50375919,
        27481343.760788757,
        22757213.86341318
      ],
      "PolyOpt": [
        22841285.023888428,
        19810682.193864543,
        15855042.50874439
      ],
      "PolyTrie": [
        21120700.12520316,
        14232403.909584155,
        11821252.097718865
      ],
      "SortedVec": [
        11401797.730377669,
        9196114.267746564,
        6346083.902668073
      ],
      "TinyTrie": [
        19729229.541789673,
        12568471.682950508,
        9456247.689337805
      ]
    },
    "Memory (bytes/key)": {
      "BTreeMap": [
        71.5936,
        72.61568,
        74.618928
      ],
      "BitTrie": [
        81.0897,
        67.67169,
        85.8197505
      ],
      "HashMap": [
        62.0688,
        52.25392,
        66.3648144
      ],
      "NibbleOpt": [
        76.1745,
        63.73953,
        80.7865857
      ],
      "NibbleTrie": [
        57.344,
        47.18592,
        63.7534208
      ],
      "PolyOpt": [
        80.0936,
        70.60952,
        84.353756
      ],
      "PolyTrie": [
        81.0928,
        83.40064,
        85.8197536
      ],
      "SortedVec": [
        40.0,
        41.0,
        43.0
      ],
      "TinyTrie": [
        91.6496,
        82.16512,
        95.909312
      ]
    },
    "Optimize (keys/sec)": {
      "NibbleOpt": [
        15326239.71338948,
        14094145.42353642,
        7847134.158322235
      ],
      "PolyOpt": [
        6213858.508014869,
        4301845.150367005,
        3475619.0660200673
      ]
    }
  }
}