{
  "sizes": [
    100,
    10000,
    1000000
  ],
  "sections": {
    "Insertion (keys/sec)": {
      "BTreeMap": [
        17514052.18663753,
        0.0,
        0.0
      ],
      "BitTrie": [
        18909667.324094865,
        0.0,
        0.0
      ],
      "CTree": [
        9264576.467975773,
        3869635.286619589,
        1281328.4250009276
      ],
      "CTreeOpt": [
        9218878.61220162,
        0.0,
        0.0
      ],
      "DynTrie": [
        27684280.704056352,
        0.0,
        0.0
      ],
      "FixedLen": [
        9902069.788785074,
        0.0,
        0.0
      ],
      "HashMap": [
        17293211.718154177,
        0.0,
        0.0
      ],
      "LinkedList": [
        53229790.684786625,
        0.0,
        0.0
      ],
      "NibbleOpt": [
        29672257.628016107,
        0.0,
        0.0
      ],
      "NibbleTrie": [
        30587536.10263708,
        0.0,
        0.0
      ],
      "PolyTrie": [
        6953608.351441927,
        0.0,
        0.0
      ],
      "SortedVec": [
        17735418.87819405,
        0.0,
        0.0
      ]
    },
    "Iter backward (keys/sec)": {
      "CTree": [
        546773552.9774745,
        766433198.8819827,
        527652537.1107448
      ]
    },
    "Iter forward (keys/sec)": {
      "BTreeMap": [
        801038543.797484,
        0.0,
        0.0
      ],
      "BitTrie": [
        134182317.20951028,
        0.0,
        0.0
      ],
      "CTree": [
        817348513.3610575,
        801229336.9827236,
        549912587.8197342
      ],
      "CTreeOpt": [
        820446554.8754394,
        0.0,
        0.0
      ],
      "DynTrie": [
        122610367.38564228,
        0.0,
        0.0
      ],
      "DynTrieOpt": [
        123801641.7815018,
        0.0,
        0.0
      ],
      "FixedLen": [
        120692908.63546816,
        0.0,
        0.0
      ],
      "FixedLenOpt": [
        121235187.14907014,
        0.0,
        0.0
      ],
      "LinkedList": [
        951844590.537872,
        0.0,
        0.0
      ],
      "NibbleOpt": [
        167634103.44275644,
        0.0,
        0.0
      ],
      "NibbleTrie": [
        165577289.2374762,
        0.0,
        0.0
      ],
      "PolyOpt": [
        116150777.35059842,
        0.0,
        0.0
      ],
      "PolyTrie": [
        117044222.04854812,
        0.0,
        0.0
      ],
      "SortedVec": [
        2298432417.2564325,
        0.0,
        0.0
      ],
      "StackedTrie2": [
        162599173.1711364,
        0.0,
        0.0
      ],
      "StackedTrie4": [
        166343155.75272056,
        0.0,
        0.0
      ]
    },
    "Iter fwd index (keys/sec)": {},
    "Iter rev index (keys/sec)": {},
    "Lookup (keys/sec)": {
      "BTreeMap": [
        40761229.37349384,
        0.0,
        0.0
      ],
      "BitTrie": [
        56888103.17644839,
        0.0,
        0.0
      ],
      "CTree": [
        26403284.723258898,
        8567724.926323064,
        5569663.782084573
      ],
      "CTreeOpt": [
        26141815.935474,
        0.0,
        0.0
      ],
      "DynTrie": [
        124176752.68865722,
        0.0,
        0.0
      ],
      "DynTrieOpt": [
        121011570.95722295,
        0.0,
        0.0
      ],
      "FixedLen": [
        239027832.44148943,
        0.0,
        0.0
      ],
      "FixedLenOpt": [
        240340212.05395415,
        0.0,
        0.0
      ],
      "HashMap": [
        82697099.68841808,
        0.0,
        0.0
      ],
      "LinkedList": [
        10970764.718020666,
        0.0,
        0.0
      ],
      "NibbleOpt": [
        127120950.33445355,
        0.0,
        0.0
      ],
      "NibbleOptUnchecked": [
        183293167.00722992,
        0.0,
        0.0
      ],
      "NibbleTrie": [
        129057286.1714736,
        0.0,
        0.0
      ],
      "NibbleUnchecked": [
        198346326.4135129,
        0.0,
        0.0
      ],
      "PolyOpt": [
        69166508.56187569,
        0.0,
        0.0
      ],
      "PolyTrie": [
        70054430.11800697,
        0.0,
        0.0
      ],
      "SortedVec": [
        27249067.324291196,
        0.0,
        0.0
      ],
      "StackedTrie2": [
        106318027.44584146,
        0.0,
        0.0
      ],
      "StackedTrie4": [
        106644083.54466078,
        0.0,
        0.0
      ]
    },
    "Memory (bytes/key)": {
      "CTree": [
        131.76,
        169.2848,
        115.663276
      ]
    },
    "Optimize (keys/sec)": {}
  }
}