{
  "sizes": [
    10,
    100,
    1000,
    10000
  ],
  "sections": {
    "Insertion (keys/sec)": {
      "BTreeMap": [
        3872259.2545900936,
        2451610.644294327,
        14673143.809434026,
        6304737.37896714
      ],
      "BitTrie": [
        2571178.4932894027,
        2003664.0312251432,
        14821094.042823622,
        8348742.679352489
      ],
      "DynNibbleTrie": [
        2099421.250433647,
        690376.9307096719,
        0.0,
        0.0
      ],
      "HashMap": [
        1792534.6710698877,
        1795280.964635932,
        15890381.163784469,
        14974878.85323008
      ],
      "LinkedList": [
        8355785.621568333,
        8319079.431076106,
        0.0,
        0.0
      ],
      "NibbleTrie": [
        2165803.828300129,
        666321.2725578155,
        0.0,
        0.0
      ],
      "SortedVec": [
        6148806.6243051635,
        4012194.561470272,
        6673486.154913045,
        1354816.1074226992
      ]
    },
    "Iter backward (keys/sec)": {
      "BTreeMap": [
        408463974.9926326,
        980686646.5525776,
        1116492507.626804,
        624993049.3966929
      ],
      "BitTrie": [
        92187910.89763798,
        143609212.58980012,
        154446758.67693955,
        102953532.2944436
      ]
    },
    "Iter forward (keys/sec)": {
      "BTreeMap": [
        400139943.19587165,
        854704039.3158269,
        928069351.9729384,
        689167366.0023271
      ],
      "BitTrie": [
        90600951.87426716,
        146000699.5567583,
        157213578.74621573,
        105384233.48777772
      ],
      "SortedVec": [
        495546010.3368528,
        2496709237.5822687,
        4306631263.13528,
        4784152799.289712
      ]
    },
    "Iter fwd index (keys/sec)": {},
    "Iter rev index (keys/sec)": {},
    "Lookup (keys/sec)": {
      "BTreeMap": [
        74135348.18368396,
        40266109.133350514,
        28462249.47894349,
        9697213.946795622
      ],
      "BitTrie": [
        130318042.83250764,
        77401611.22035192,
        41457455.912348606,
        25068668.6406115
      ],
      "HashMap": [
        75408978.72635768,
        79085756.85871963,
        76242613.52619204,
        56963064.40513029
      ],
      "SortedVec": [
        59190552.30522819,
        31953362.07135922,
        17527999.29888003,
        8976795.378306296
      ]
    },
    "Memory (bytes/key)": {
      "BTreeMap": [
        44.8,
        53.12,
        59.216,
        58.3136
      ],
      "BitTrie": [
        76.8,
        61.44,
        49.152,
        78.6432
      ],
      "HashMap": [
        62.4,
        50.4,
        75.6,
        62.0688
      ],
      "SortedVec": [
        40.0,
        40.0,
        40.0,
        40.0
      ]
    },
    "Optimize (keys/sec)": {}
  }
}