{
  "sizes": [
    10000,
    100000,
    10000000
  ],
  "sections": {
    "Insertion (keys/sec)": {
      "BTreeMap": [
        9942091.552842261,
        6752406.363205112,
        4399142.931787326
      ],
      "BitTrie": [
        5252710.013495969,
        4399125.610730734,
        2656183.797192033
      ],
      "HashMap": [
        16126908.71350325,
        7049965.073807933,
        1788218.132457795
      ],
      "NibbleTrie": [
        13274943.402013838,
        14657085.139568824,
        12323571.662051836
      ],
      "PolyTrie": [
        6213276.214685092,
        5574697.201984316,
        4431278.083294092
      ],
      "SortedVec": [
        9561810.564004693,
        7673220.356089901,
        2777769.3302726033
      ],
      "TinyTrie": [
        5549307.940257462,
        4913164.746194002,
        3395530.5775979985
      ]
    },
    "Iter backward (keys/sec)": {
      "BTreeMap": [
        691180173.7183659,
        149260054.2472501,
        43358463.656267576
      ],
      "BitTrie": [
        155355853.27520418,
        149187933.77937454,
        146029686.6338666
      ],
      "NibbleOpt": [
        187174599.01126292,
        183772520.49501038,
        184910656.08762074
      ],
      "NibbleTrie": [
        183723804.61723834,
        179399988.7576007,
        173646198.24576792
      ],
      "PolyOpt": [
        103412213.4135328,
        102191620.79805267,
        102315210.36334
      ],
      "PolyTrie": [
        101675673.90538666,
        95626572.50278187,
        91003938.58220889
      ],
      "TinyTrie": [
        206202296.4107188,
        128956494.27749957,
        47571303.80508274
      ]
    },
    "Iter forward (keys/sec)": {
      "BTreeMap": [
        764777168.2850716,
        135034237.5193552,
        42900838.1433786
      ],
      "BitTrie": [
        161552341.2942562,
        154389130.49058303,
        145513147.51948842
      ],
      "NibbleOpt": [
        176734588.6802845,
        174910585.51204515,
        172692893.39136827
      ],
      "NibbleTrie": [
        177545352.89023706,
        174728686.94809,
        173811750.60977638
      ],
      "PolyOpt": [
        122538757.41615355,
        121312963.14800166,
        121069799.84488735
      ],
      "PolyTrie": [
        122896040.47037512,
        118203008.86362241,
        115040609.03424007
      ],
      "SortedVec": [
        2439377940.3518925,
        2444403849.748899,
        2446650296.94508
      ],
      "TinyTrie": [
        207482436.87088442,
        114468997.21629423,
        48476194.53418659
      ]
    },
    "Lookup (keys/sec)": {
      "BTreeMap": [
        16001154.141055841,
        10514663.181947572,
        7475673.681266961
      ],
      "BitTrie": [
        13319745.042320231,
        9292885.069121791,
        7424519.595536146
      ],
      "HashMap": [
        56563367.26889051,
        12759822.296878997,
        6766457.361481969
      ],
      "NibbleOpt": [
        31611335.81302331,
        27544089.28148019,
        23423203.848824028
      ],
      "NibbleTrie": [
        30417487.231658116,
        17928559.967789456,
        15777494.00739354
      ],
      "PolyOpt": [
        22841285.023888428,
        19810682.193864543,
        15855042.50874439
      ],
      "PolyTrie": [
        21120700.125203162,
        14232403.909584157,
        11821252.097718865
      ],
      "SortedVec": [
        11401797.730377669,
        9196114.267746564,
        6346083.902668073
      ],
      "TinyTrie": [
        19729229.541789673,
        12568471.682950508,
        9456247.689337803
      ]
    },
    "Memory (bytes/key)": {
      "BTreeMap": [
        71.5936,
        72.61568,
        74.618928
      ],
      "BitTrie": [
        81.0897,
        67.67169,
        85.8197505
      ],
      "HashMap": [
        62.0688,
        52.25392,
        66.3648144
      ],
      "NibbleOpt": [
        76.1745,
        63.73953,
        80.7865857
      ],
      "NibbleTrie": [
        76.1745,
        63.73953,
        80.7865857
      ],
      "PolyOpt": [
        80.0936,
        70.60952,
        84.353756
      ],
      "PolyTrie": [
        81.0928,
        83.40064,
        85.8197536
      ],
      "SortedVec": [
        40.0,
        41.0,
        43.0
      ],
      "TinyTrie": [
        91.6496,
        82.16512,
        95.909312
      ]
    },
    "Optimize (keys/sec)": {
      "NibbleOpt": [
        15326239.713389479,
        14094145.42353642,
        7847134.158322235
      ],
      "PolyOpt": [
        6213858.508014869,
        4301845.150367005,
        3475619.0660200673
      ]
    }
  }
}