{
  "sizes": [
    100,
    10000,
    1000000
  ],
  "sections": {
    "Insertion (keys/sec)": {
      "BTreeMap": [
        43579578.885694034,
        17152907.16522032,
        3637947.5143771586
      ],
      "BTreeMapU64": [
        43181782.727286905,
        0.0,
        0.0
      ],
      "BitTrie": [
        20730351.366595693,
        8348742.679352489,
        0.0
      ],
      "CTree": [
        40607507.82910312,
        11316698.698314076,
        3751777.460262246
      ],
        27442692.453259572,
        8462637.320517803,
        2734704.0680443593
      ],
        27306641.125341635,
        8117399.988666231,
        2743784.4040125404
      ],
      "CTreeOpt": [
        41036074.434525624,
        11354007.949232439,
        3697377.605308197
      ],
      "DynTrie": [
        35593470.70657361,
        0.0,
        0.0
      ],
      "FixedLen": [
        7783276.319381799,
        0.0,
        0.0
      ],
      "HashMap": [
        37524540.65638938,
        24803806.986491565,
        13078713.84497699
      ],
      "HashMapU64": [
        39149568.21055061,
        0.0,
        0.0
      ],
      "LinkedList": [
        55626197.38556873,
        0.0,
        0.0
      ],
      "LinkedListU64": [
        122144280.17646116,
        0.0,
        0.0
      ],
      "NibbleOpt": [
        37671705.39670081,
        0.0,
        0.0
      ],
      "NibbleTrie": [
        38255531.14002315,
        0.0,
        0.0
      ],
      "PolyTrie": [
        10527705.57700868,
        0.0,
        0.0
      ],
      "SortedVec": [
        14371562.892624613,
        1354816.1074226992,
        0.0
      ],
      "SortedVecU64": [
        54303314.03785388,
        0.0,
        0.0
      ]
    },
    "Iter backward (keys/sec)": {
      "BTreeMap": [
        725807742.2982845,
        798687976.9233545,
        45845484.48797402
      ],
      "BitTrie": [
        133303771.0064298,
        102953532.2944436,
        0.0
      ],
      "CTree": [
        534349516.8703299,
        565964949.6117721,
        397408854.87524766
      ],
        493589795.95191735,
        547180428.3075215,
        364301196.8295769
      ],
        492710917.9737903,
        549034609.9109097,
        365062130.6081875
      ],
      "CTreeOpt": [
        529710443.3209826,
        569240978.5971067,
        461802294.1254436
      ],
      "DynTrie": [
        146168581.5931038,
        0.0,
        0.0
      ],
      "DynTrieOpt": [
        147541653.0817543,
        0.0,
        0.0
      ],
      "FixedLen": [
        119574703.06692904,
        0.0,
        0.0
      ],
      "FixedLenOpt": [
        119521231.77301216,
        0.0,
        0.0
      ],
      "LinkedList": [
        962113169.2123786,
        0.0,
        0.0
      ],
      "NibbleOpt": [
        140821332.0452802,
        0.0,
        0.0
      ],
      "NibbleTrie": [
        147068256.24719378,
        0.0,
        0.0
      ],
      "StackedTrie2": [
        142906444.71246156,
        0.0,
        0.0
      ],
      "StackedTrie4": [
        143363644.69554517,
        0.0,
        0.0
      ]
    },
    "Iter forward (keys/sec)": {
      "BTreeMap": [
        935016849.9765984,
        1037434580.3577124,
        46277024.8918285
      ],
      "BitTrie": [
        134161243.69442156,
        105384233.48777772,
        0.0
      ],
      "CTree": [
        1214918200.9841666,
        1622901802.0719988,
        729418144.3311342
      ],
        957448381.3297564,
        1149266103.4132762,
        599237521.980622
      ],
        954920012.2806596,
        1192359027.035034,
        601164304.4419209
      ],
      "CTreeOpt": [
        1219774263.3852825,
        1622615851.7825751,
        833194956.4948928
      ],
      "DynTrie": [
        112272445.90205574,
        0.0,
        0.0
      ],
      "DynTrieOpt": [
        111652771.2494114,
        0.0,
        0.0
      ],
      "FixedLen": [
        93535270.30255169,
        0.0,
        0.0
      ],
      "FixedLenOpt": [
        94989724.1153002,
        0.0,
        0.0
      ],
      "LinkedList": [
        948138704.9634116,
        0.0,
        0.0
      ],
      "NibbleOpt": [
        149851132.4674175,
        0.0,
        0.0
      ],
      "NibbleTrie": [
        148713602.03986335,
        0.0,
        0.0
      ],
      "SortedVec": [
        2366066059.776877,
        4784152799.289712,
        0.0
      ],
      "StackedTrie2": [
        152657518.32356495,
        0.0,
        0.0
      ],
      "StackedTrie4": [
        153014222.07490447,
        0.0,
        0.0
      ]
    },
    "Iter fwd index (keys/sec)": {
      "FixedLen": [
        109996174.42588946,
        0.0,
        0.0
      ],
      "FixedLenOpt": [
        109875180.49715546,
        0.0,
        0.0
      ],
      "NibbleOpt": [
        189658996.77579704,
        0.0,
        0.0
      ],
      "NibbleTrie": [
        193824316.56530535,
        0.0,
        0.0
      ],
      "StackedTrie2": [
        197632980.82960084,
        0.0,
        0.0
      ],
      "StackedTrie4": [
        193827558.81164375,
        0.0,
        0.0
      ]
    },
    "Iter rev index (keys/sec)": {
      "FixedLen": [
        172151994.4911362,
        0.0,
        0.0
      ],
      "FixedLenOpt": [
        166950211.18407592,
        0.0,
        0.0
      ],
      "NibbleOpt": [
        193517684.13154992,
        0.0,
        0.0
      ],
      "NibbleTrie": [
        188920765.3634971,
        0.0,
        0.0
      ],
      "StackedTrie2": [
        179022470.99835968,
        0.0,
        0.0
      ],
      "StackedTrie4": [
        185896555.849568,
        0.0,
        0.0
      ]
    },
    "Lookup (keys/sec)": {
      "BTreeMap": [
        145566439.66271076,
        22797102.374302715,
        3394919.1945725484
      ],
      "BTreeMapU64": [
        170818541.75087726,
        0.0,
        0.0
      ],
      "BitTrie": [
        70833012.91081062,
        25068668.6406115,
        0.0
      ],
      "CTree": [
        144359308.62055764,
        23439736.349845536,
        4549844.738209002
      ],
        145632603.80966517,
        20709296.142797347,
        5297878.540916039
      ],
        138786660.44580176,
        20383486.772745814,
        5391688.791255689
      ],
      "CTreeOpt": [
        143970844.21129787,
        23510273.411969956,
        4794015.716090366
      ],
      "DynTrie": [
        145793152.98170817,
        0.0,
        0.0
      ],
      "DynTrieOpt": [
        145169407.3819181,
        0.0,
        0.0
      ],
      "FixedLen": [
        286769721.85525084,
        0.0,
        0.0
      ],
      "FixedLenOpt": [
        275620330.40586656,
        0.0,
        0.0
      ],
      "HashMap": [
        98388317.8457546,
        96690466.12665898,
        12348498.83251213
      ],
      "HashMapU64": [
        95640669.64176728,
        0.0,
        0.0
      ],
      "LinkedList": [
        10233335.03367254,
        0.0,
        0.0
      ],
      "LinkedListU64": [
        13816305.468837984,
        0.0,
        0.0
      ],
      "NibbleOpt": [
        146410702.85649866,
        0.0,
        0.0
      ],
      "NibbleOptUnchecked": [
        284046115.3463739,
        0.0,
        0.0
      ],
      "NibbleTrie": [
        146191221.3491229,
        0.0,
        0.0
      ],
      "NibbleUnchecked": [
        284382115.1631909,
        0.0,
        0.0
      ],
      "SortedVec": [
        27446070.11122965,
        8976795.378306296,
        0.0
      ],
      "SortedVecU64": [
        232682678.77232435,
        0.0,
        0.0
      ],
      "StackedTrie2": [
        123911861.89710248,
        0.0,
        0.0
      ],
      "StackedTrie4": [
        131483810.85397623,
        0.0,
        0.0
      ]
    },
    "Memory (bytes/key)": {
      "BTreeMap": [
        24.0,
        26.9952,
        27.120768
      ],