{
  "sizes": [
    10000,
    100000,
    10000000
  ],
  "sections": {
    "Insertion (keys/sec)": {
      "BTreeMap": [
        10196046.764016826,
        6458798.857156559,
        4405200.994298533
      ],
      "BitTrie": [
        5446788.640594565,
        4553905.348785871,
        2286168.3506244384
      ],
      "HashMap": [
        16126908.71350325,
        7049965.073807933,
        1788218.132457795
      ],
      "NibbleTrie": [
        17437099.088634852,
        19473086.487333924,
        10906999.295649981
      ],
      "PolyTrie": [
        5842116.955898807,
        5616556.979058775,
        4276181.3302266495
      ],
      "SortedVec": [
        9561810.564004691,
        7673220.356089901,
        2777769.3302726033
      ],
      "TinyTrie": [
        5619042.468338042,
        4704491.131625224,
        3274708.3645918984
      ]
    },
    "Iter backward (keys/sec)": {
      "BTreeMap": [
        901172898.6676052,
        221786917.3072509,
        46518912.27408565
      ],
      "BitTrie": [
        189206849.8951561,
        177779597.18378907,
        162706055.60586506
      ],
      "NibbleOpt": [
        187174599.01126292,
        183772520.4950104,
        184910656.0876207
      ],
      "NibbleTrie": [
        215173835.12244567,
        213748043.44088578,
        200586094.28457028
      ],
      "PolyOpt": [
        103412213.4135328,
        102191620.79805268,
        102315210.36334
      ],
      "PolyTrie": [
        149006213.1414226,
        143704005.1182381,
        113272119.22999015
      ],
      "TinyTrie": [
        334584153.27050734,
        196512168.05577695,
        54364251.02533656
      ]
    },
    "Iter forward (keys/sec)": {
      "BTreeMap": [
        984290909.3529204,
        324123894.19728655,
        41601546.28620985
      ],
      "BitTrie": [
        188067124.5163552,
        174327213.8670359,
        130411281.81530584
      ],
      "NibbleOpt": [
        176734588.6802845,
        174910585.51204517,
        172692893.39136827
      ],
      "NibbleTrie": [
        218945066.47015753,
        217749330.98917863,
        212609119.2759885
      ],
      "PolyOpt": [
        122538757.41615357,
        121312963.14800166,
        121069799.84488736
      ],
      "PolyTrie": [
        148616745.24374023,
        147103083.44752806,
        134068748.77229813
      ],
      "SortedVec": [
        2439377940.3518925,
        2444403849.748899,
        2446650296.94508
      ],
      "TinyTrie": [
        311992421.2754885,
        179847457.75919494,
        55158490.74281182
      ]
    },
    "Lookup (keys/sec)": {
      "BTreeMap": [
        17531113.07629926,
        11597574.947078563,
        8363190.858588139
      ],
      "BitTrie": [
        20991027.769804217,
        12318538.400703274,
        8981529.570212467
      ],
      "HashMap": [
        56563367.26889051,
        12759822.296878995,
        6766457.361481969
      ],
      "NibbleOpt": [
        31611335.81302331,
        27544089.28148019,
        23423203.848824028
      ],
      "NibbleTrie": [
        90432701.38961603,
        42883863.25200611,
        26369646.336256284
      ],
      "PolyOpt": [
        22841285.023888428,
        19810682.193864543,
        15855042.50874439
      ],
      "PolyTrie": [
        34866659.36659734,
        17379577.07938505,
        14032435.00808967
      ],
      "SortedVec": [
        11401797.730377669,
        9196114.267746564,
        6346083.902668073
      ],
      "TinyTrie": [
        20418731.78576254,
        10999376.962290725,
        9575655.336485548
      ]
    },
    "Memory (bytes/key)": {
      "BTreeMap": [
        71.5936,
        72.61568,
        74.618928
      ],
      "BitTrie": [
        81.0897,
        67.67169,
        85.8197505
      ],
      "HashMap": [
        62.0688,
        52.25392,
        66.3648144
      ],
      "NibbleOpt": [
        76.1745,
        63.73953,
        80.7865857
      ],
      "NibbleTrie": [
        75.9936,
        63.39488,
        80.6254464
      ],
      "PolyOpt": [
        80.0936,
        70.60952,
        84.353756
      ],
      "PolyTrie": [
        81.0928,
        83.40064,
        85.8197536
      ],
      "SortedVec": [
        40.0,
        41.0,
        43.0
      ],
      "TinyTrie": [
        91.6496,
        82.16512,
        95.909312
      ]
    },
    "Optimize (keys/sec)": {
      "NibbleOpt": [
        15326239.71338948,
        14094145.42353642,
        7847134.158322235
      ],
      "PolyOpt": [
        6213858.508014869,
        4301845.150367005,
        3475619.0660200673
      ]
    }
  }
}