{
  "sizes": [
    10,
    100,
    1000,
    10000,
    100000,
    10000000
  ],
  "sections": {
    "Insertion (keys/sec)": {
      "BTreeMap": [
        3645163.453286438,
        1981018.47308151,
        1360943.3864034514,
        1052129.6493312514,
        800781.2433114894,
        585142.757917625
      ],
      "BitTrie": [
        2185642.976094604,
        2291144.618101292,
        2080200.8099180113,
        1746278.6592218543,
        1480702.2145951404,
        1165108.8840675924
      ],
      "DynNibbleTrie": [
        2536814.689178448,
        2256787.8144741957,
        1942890.090707569,
        1483832.6547540948,
        1346965.759602081,
        1047689.20020939
      ],
      "FixedLen": [
        0.0,
        0.0,
        26153247.09810056,
        0.0,
        0.0,
        0.0
      ],
      "HashMap": [
        1875820.3489034448,
        1816423.122387058,
        1444022.7064528246,
        1584040.243480817,
        1398115.075934833,
        828498.2715491264
      ],
      "LinkedList": [
        8430026.03367275,
        8371996.574103862,
        8206994.246897032,
        8111832.884918992,
        7798150.929745068,
        7034171.206397371
      ],
      "NibbleTrie": [
        2641200.170565488,
        2299539.645172978,
        2018666.3598707065,
        1537229.9431556475,
        1262855.7580816818,
        1095349.7884367867
      ],
      "PolyTrie": [
        1160625.7625553408,
        7730813.10082907,
        8581461.919762732,
        5763097.343201394,
        4624962.614114708
      ],
      "SortedVec": [
        6527295.1632742835,
        4180879.204306837,
        3103535.841386634,
        2594653.9951057904,
        2121271.775440591,
        1226569.295217852
      ],
      "TinyTrie": [
        14523188.99789996,
        9766636.45855855,
        7839632.434913473,
        5096299.648173656,
        3607666.752909744
      ]
    },
    "Iter backward (keys/sec)": {
      "BTreeMap": [
        30336336.223126136,
        32153607.17139525,
        32459033.044350628,
        31230394.953342553,
        29527343.8609832,
        26412390.498223867
      ],
      "BitTrie": [
        8498798.852662154,
        8822323.705064198,
        9003644.644153185,
        8645422.940187007,
        8718175.685848745,
        8406002.015900504
      ],
      "DynNibbleOpt": [
        9362758.970096514,
        10614115.445747169,
        10623172.253889622,
        10407008.92676786,
        10220623.87264462,
        10152979.32214957
      ],
      "DynNibbleTrie": [
        9303980.529437356,
        10691106.893457005,
        10626885.017104115,
        10394325.714893714,
        10153695.235476712,
        10199191.730782012
      ],
      "LinkedList": [
        135171137.633173,
        190318224.3070397,
        197415660.83989468,
        185827697.03735065,
        190219389.13502285,
        186029159.04654104
      ],
      "NibbleOpt": [
        8745445.312441314,
        10027537.34524787,
        10295034.262944978,
        9975774.12740668,
        10050545.226853471,
        10115640.389170293
      ],
      "NibbleTrie": [
        8685116.782164233,
        9996897.500775624,
        10288550.688702874,
        10062079.229951523,
        10140380.621993983,
        10144877.45631387
      ],
      "PolyOpt": [
        93848461.38683423,
        133604014.66173814,
        138468352.32350224,
        140042874.75857517,
        139196245.73010236
      ],
      "PolyTrie": [
        93419777.33753636,
        133165480.09176074,
        138240961.3616513,
        137217015.56797224,
        130782223.59191576
      ],
      "TinyTrie": [
        174429296.77305803,
        333451893.47990406,
        354192340.6134468,
        265158403.01036936,
        69990055.1830491
      ]
    },
    "Iter forward (keys/sec)": {
      "BTreeMap": [
        31280632.66959287,
        32653035.779602915,
        32876834.366508458,
        31739395.999294132,
        28583583.061943747,
        24094723.389447995
      ],
      "BitTrie": [
        8634611.110107696,
        9505933.188757155,
        9671787.892855616,
        8464626.819997387,
        9411688.981184505,
        8795300.558331836
      ],
      "DynNibbleOpt": [
        8631869.98919947,
        10480505.641259871,
        148801418.60562402,
        151068640.75990477,
        10170097.482747424,
        10140731.431386534
      ],
      "DynNibbleTrie": [
        8645673.011495208,
        10487288.233262602,
        152993920.2136706,
        155303513.20181635,
        10174274.732960152,
        10119045.95121201
      ],
      "FixedLen": [
        0.0,
        0.0,
        135937023.26885942,
        136915668.05672053,
        0.0,
        0.0
      ],
      "FixedLenOpt": [
        0.0,
        0.0,
        136229959.60781696,
        137737139.95715734,
        0.0,
        0.0
      ],
      "LinkedList": [
        156248875.31253374,
        224536614.18641,
        233061113.7012041,
        222226405.59900263,
        227238563.42396072,
        214614571.2234722
      ],
      "NibbleOpt": [
        8083541.479617685,
        9838391.278266132,
        150981027.9578161,
        154823729.5164756,
        10052709.105895745,
        10091920.719170673
      ],
      "NibbleTrie": [
        8079750.103671437,
        9888348.714514663,
        152386930.43536624,
        155851804.41460228,
        9991608.81710839,
        10034092.68956464
      ],
      "PolyOpt": [
        88338239.34635268,
        127675773.95414212,
        131075979.1589193,
        131586540.01282208,
        131039226.48907413
      ],
      "PolyTrie": [
        87459794.40257317,
        127491059.84031616,
        131089247.91537628,
        130909370.05154522,
        127705950.83187686
      ],
      "SortedVec": [
        136880516.57798707,
        222463692.3250026,
        238667985.67992085,
        233843743.20680216,
        232113057.9302086,
        237518689.2817738
      ],
      "TinyTrie": [
        174421315.9010991,
        321416161.5907687,
        331958643.31043774,
        246855462.33748507,
        69078686.84633398
      ]
    },
    "Iter fwd index (keys/sec)": {
      "NibbleOpt": [
        10825844.68063758,
        14360664.751748368,
        15149047.0434934,
        14806871.929849844,
        15003692.206775168,
        14984793.760956842
      ],
      "NibbleTrie": [
        10686717.86265643,
        14311822.04901154,
        15095904.125912895,
        14684167.848208042,
        14975150.841187742,
        14966397.937242432
      ]
    },
    "Iter rev index (keys/sec)": {
      "NibbleOpt": [
        12156314.827488042,
        14708653.961913098,
        15219819.470111355,
        14992279.313592264,
        14914171.201811325,
        14915010.363217672
      ],
      "NibbleTrie": [
        12186418.4680797,
        14780143.045942696,
        15264490.749718606,
        15009227.842769014,
        14991861.443137672,
        14955509.46060378
      ]
    },
    "Lookup (keys/sec)": {
      "BTreeMap": [
        6531587.253467561,
        4052107.4822819647,
        2787163.4914084873,
        2013587.491017942,
        1645973.9055158966,
        1128414.5127629712
      ],
      "BitTrie": [
        11812797.460248549,
        7781113.979784952,
        5867241.629683155,
        4604743.685083478,
        3793004.207693856,
        2747988.4909735294
      ],
      "DynNibbleOpt": [
        11963544.31133468,
        9948711.491288217,
        96810362.21333374,
        65130630.73081216,
        6152109.80252632,
        5002502.707081829
      ],
      "DynNibbleTrie": [
        11991089.4958056,
        9958743.379564516,
        96628423.90133671,
        70581172.83620042,
        6163336.312280875,
        4917565.885367626
      ],
      "FixedLen": [
        0.0,
        0.0,
        193254631.94655347,
        152165081.111588,
        0.0,
        0.0
      ],