{
  "sizes": [
    10000,
    100000
  ],
  "sections": {
    "Insertion (keys/sec)": {
      "BTreeMap": [
        10069718.125093669,
        5759185.287246506,
        3984880.507402581
      ],
      "BitTrie": [
        5393220.1530129425,
        4475244.756986727,
        2223653.003086642
      ],
      "HashMap": [
        16446208.277949544,
        6692399.038637078,
        1345981.388897556
      ],
      "LinkedList": [
        57988748.428842664,
        55890831.03464766
      ],
      "NibbleTrie": [
        23396974.178515375,
        21058477.824862733,
        19649840.70969615
      ],
      "PolyTrie": [
        6020858.750352174,
        4952072.274158779,
        4065059.6000288464
      ],
      "SortedVec": [
        10161638.941009754,
        7903567.714865944,
        2104533.943972107
      ],
      "TinyTrie": [
        5504349.297082149,
        4560247.2689096015,
        2638082.377202453
      ]
    },
    "Iter backward (keys/sec)": {
      "BTreeMap": [
        919080856.104066,
        313992158.2856487,
        34807054.397102535
      ],
      "BitTrie": [
        185539965.24217984,
        168024454.58510417,
        144529737.21991763
      ],
      "LinkedList": [
        674025073.2713934,
        726355489.5083941
      ],
      "NibbleOpt": [
        208387421.48350903,
        206705741.6997159,
        199782316.0563253
      ],
      "NibbleTrie": [
        208962882.9486663,
        207417314.83980376,
        201636714.89839917
      ],
      "PolyOpt": [
        146509305.74123654,
        142797891.11314476,
        137116760.90183103
      ],
      "PolyTrie": [
        140287971.81002888,
        134646720.64005792,
        101161245.33784856
      ],
      "TinyTrie": [
        328659604.8416018,
        170962812.65479094,
        42248681.88126156
      ]
    },
    "Iter forward (keys/sec)": {
      "BTreeMap": [
        976017802.9839256,
        283188664.429744,
        35577588.82099892
      ],
      "BitTrie": [
        187453689.33971888,
        170284653.71996057,
        120330403.5211884
      ],
      "LinkedList": [
        685819634.000922,
        732545562.0290246
      ],
      "NibbleOpt": [
        168534393.30623537,
        167771598.67307088,
        166483825.58324143
      ],
      "NibbleTrie": [
        167149981.94780195,
        168631067.21284178,
        165396041.0767221
      ],
      "PolyOpt": [
        149363477.75641656,
        146089698.97184268,
        142758365.5931633
      ],
      "PolyTrie": [
        146659276.04092702,
        141213634.07845062,
        126316336.51789616
      ],
      "SortedVec": [
        2464366193.5083575,
        2466038319.5561833,
        2442556969.857207
      ],
      "TinyTrie": [
        303594840.5437008,
        138723634.97904712,
        41590826.06195056
      ]
    },
    "Iter fwd index (keys/sec)": {
      "NibbleOpt": [
        236350223.27952865,
        234511931.6181126,
        234101450.16289783
      ],
      "NibbleTrie": [
        236918228.16754428,
        235753250.65643156,
        234319445.4326702
      ]
    },
    "Iter rev index (keys/sec)": {
      "NibbleOpt": [
        274739957.78162646,
        272594693.3991036,
        256524496.77167204
      ],
      "NibbleTrie": [
        263971324.8635129,
        261279119.4437045,
        253289553.0038337
      ]
    },
    "Lookup (keys/sec)": {
      "BTreeMap": [
        16985901.950036943,
        7492170.015166356,
        6341784.440093479
      ],
      "BitTrie": [
        17857701.30311516,
        9104616.85584172,
        6907265.610025615
      ],
      "HashMap": [
        45689338.577393495,
        8617308.59014584,
        4308388.871964664
      ],
      "LinkedList": [
        79407.94778770735,
        8126.014233992153
      ],
      "NibbleOpt": [
        81591200.83851115,
        43063797.55550913,
        38616799.817773245
      ],
      "NibbleTrie": [
        81804653.97222856,
        68290866.04366629,
        44324148.29790036
      ],
      "PolyOpt": [
        33525583.667387072,
        17626869.91252969,
        13760407.252866276
      ],
      "PolyTrie": [
        27595508.65619465,
        10243281.504245656,
        9266549.107579844
      ],
      "SortedVec": [
        10814394.70456552,
        9243273.881559957,
        6111039.129520706
      ],
      "TinyTrie": [
        18806044.78210913,
        7634498.060157856,
        6976129.379764274
      ]
    },
    "Memory (bytes/key)": {
      "BTreeMap": [
        71.5936,
        72.61568,
        74.618928
      ],
      "BitTrie": [
        81.0897,
        67.67169,
        85.8197505
      ],
      "HashMap": [
        62.0688,
        52.25392,
        66.3648144
      ],
      "LinkedList": [
        56.0,
        57.0
      ],
      "NibbleOpt": [
        43.1105,
        38.86113,
        46.7324417
      ],
      "NibbleTrie": [
        57.344,
        47.18592,
        63.7534208
      ],
      "PolyOpt": [
        80.0936,
        70.60952,
        84.353756
      ],
      "PolyTrie": [
        81.0928,
        83.40064,
        85.8197536
      ],
      "SortedVec": [
        40.0,
        41.0,
        43.0
      ],
      "TinyTrie": [
        91.6496,
        82.16512,
        95.909312
      ]
    },
    "Optimize (keys/sec)": {
      "NibbleOpt": [
        20314011.8149199,
        17242445.53671335,
        16519892.307892531
      ],
      "PolyOpt": [
        6039745.815284115,
        4158380.767248098,
        3290110.4439605745
      ]
    }
  }
}