{
  "sizes": [
    100,
    10000,
    1000000
  ],
  "sections": {
    "Insertion (keys/sec)": {
      "BTreeMap": [
        18194170.743773445,
        9582796.897945782,
        2685619.0388453715
      ],
      "IntBTree": [
        13064591.852049548,
        8399722.380775593,
        3010094.433859526
      ],
      "IntBTreeOpt": [
        12936336.046359245,
        8315851.117287843,
        2986696.290021343
      ],
      "DynTrie": [
        34567414.471047506,
        23941708.856465142,
        5136327.782811223
      ],
      "FixedLen": [
        10895382.88335349,
        6181715.007737456,
        1431294.5363558072
      ],
      "HashMap": [
        15458632.96232614,
        12235314.904997524,
        1663922.777583497
      ],
      "NibbleOpt": [
        38576815.09935873,
        28509205.15385724,
        5012010.273954464
      ],
      "NibbleTrie": [
        37852003.821387686,
        19466780.65519344,
        5153964.459210062
      ],
      "SortedVec": [
        18517591.938674975,
        9191648.57155559,
        2614298.570551769
      ]
    },
    "Iter backward (keys/sec)": {
      "BTreeMap": [
        914962561.87656,
        960280327.6559078,
        89609719.26503603
      ],
      "IntBTree": [
        446747718.7395745,
        538963043.9101788,
        488968532.1041374
      ],
      "IntBTreeOpt": [
        448026517.5330919,
        543965217.3620058,
        488768163.248817
      ],
      "DynTrie": [
        152307251.13132706,
        157050178.9281395,
        84497673.01059893
      ],
      "DynTrieOpt": [
        152183173.87522182,
        156743888.9559625,
        86251598.18508509
      ],
      "FixedLen": [
        132138135.1296984,
        130844729.85936038,
        76202840.84536745
      ],
      "FixedLenOpt": [
        130535625.71875516,
        130837933.06594609,
        75942994.63148212
      ],
      "NibbleOpt": [
        146019943.98490202,
        157246928.2336726,
        82420912.0409188
      ],
      "NibbleTrie": [
        152392666.1688281,
        157661003.26136613,
        84983315.39565499
      ],
      "StackedTrie2": [
        149400203.1544923,
        154310962.0367797,
        83612809.50999916
      ],
      "StackedTrie4": [
        148958882.37319893,
        153689110.2937405,
        80085471.22913845
      ]
    },
    "Iter forward (keys/sec)": {
      "BTreeMap": [
        906549610.9717762,
        953246461.4009286,
        82616400.39771149
      ],
      "IntBTree": [
        1084978575.829469,
        1353958861.7719169,
        1023917493.4109925
      ],
      "IntBTreeOpt": [
        1083116135.7351093,
        1353851819.7269988,
        1078249599.704169
      ],
      "DynTrie": [
        120411383.30295484,
        121764060.75341448,
        78406433.70078197
      ],
      "DynTrieOpt": [
        120391778.12882698,
        122129874.61332874,
        79990214.21050073
      ],
      "FixedLen": [
        101990433.45178217,
        96582891.94951712,
        75527253.12558824
      ],
      "FixedLenOpt": [
        101705595.89787433,
        96498568.3794057,
        75138735.3796952
      ],
      "NibbleOpt": [
        166110386.9880197,
        163546446.315088,
        93579971.06214234
      ],
      "NibbleTrie": [
        164804006.63508427,
        163282278.47538695,
        93171909.89371216
      ],
      "SortedVec": [
        2455797571.7742887,
        4668354821.1103945,
        4696219503.2342005
      ],
      "StackedTrie2": [
        161451746.4313811,
        166425284.72657737,
        91117472.82073696
      ],
      "StackedTrie4": [
        162057622.79958785,
        167360131.17615682,
        89810210.33926801
      ]
    },
    "Iter fwd index (keys/sec)": {
      "FixedLen": [
        121625751.46344772,
        112042656.4462982,
        85877869.0461696
      ],
      "FixedLenOpt": [
        121020951.0953043,
        112046361.8632136,
        86161776.01797152
      ],
      "NibbleOpt": [
        223864161.14468405,
        223041364.6959014,
        119711241.48173712
      ],
      "NibbleTrie": [
        223855946.8927247,
        222869117.28971612,
        119448414.62452698
      ],
      "StackedTrie2": [
        216859673.61540636,
        222619779.16117907,
        118538133.4373306
      ],
      "StackedTrie4": [
        211722505.4565368,
        216405063.03301457,
        113957951.60508683
      ]
    },
    "Iter rev index (keys/sec)": {
      "FixedLen": [
        170622633.33837894,
        168585746.13229755,
        90959979.3979445
      ],
      "FixedLenOpt": [
        168902424.10000083,
        168522150.9257484,
        93085286.73572177
      ],
      "NibbleOpt": [
        203826624.1611353,
        205052441.76531652,
        103260932.41245668
      ],
      "NibbleTrie": [
        202754718.80257848,
        206892393.62808147,
        104718498.10700804
      ],
      "StackedTrie2": [
        197998574.59018293,
        197728808.7498369,
        102877474.1628018
      ],
      "StackedTrie4": [
        194416308.38324043,
        195884254.743838,
        96997154.32981864
      ]
    },
    "Lookup (keys/sec)": {
      "BTreeMap": [
        44710954.990971975,
        16588079.87184984,
        7575933.314453097
      ],
      "IntBTree": [
        40954379.37264426,
        14169430.703415139,
        9846527.67407105
      ],
      "IntBTreeOpt": [
        40713312.14883991,
        13678164.809746252,
        9665703.216111863
      ],
      "DynTrie": [
        147365693.74108362,
        66167968.28007326,
        21223699.39936453
      ],
      "DynTrieOpt": [
        147659734.63595745,
        67793790.1792113,
        22088040.272112973
      ],
      "FixedLen": [
        205656254.7386039,
        103405731.70650916,
        51664263.12702471
      ],
      "FixedLenOpt": [
        203007852.7944634,
        103447523.78936234,
        51106728.043245256
      ],
      "HashMap": [
        79085919.7569171,
        48968683.36509835,
        8244848.169361003
      ],
      "NibbleOpt": [
        148581356.56471676,
        72668642.20913553,
        24110672.862705577
      ],
      "NibbleOptUnchecked": [
        299023011.90335083,
        133898619.8622922,
        48727393.78335579
      ],
      "NibbleTrie": [
        148848439.6258668,
        72189599.61505164,
        22904047.17471471
      ],
      "NibbleUnchecked": [
        298093613.06296766,
        133477679.66850922,
        46973528.58368309
      ],
      "SortedVec": [
        28878243.127327885,
        10544684.00597134,
        5400020.117774949
      ],
      "StackedTrie2": [
        135814435.1577177,
        66981535.16660319,
        22961362.920190528
      ],
      "StackedTrie4": [
        132112829.41084878,
        65691168.415187046,
        22760170.010978635
      ]
    },
    "Memory (bytes/key)": {
      "BTreeMap": [
        75.67,
        73.5398,
        73.615343
      ],
      "IntBTree": [
        53.38,
        49.1322,
        49.035265
      ],
      "IntBTreeOpt": [
        53.38,
        49.1322,
        49.035265
      ],
      "DynTrie": [
        55.04,
        78.7456,
        68.781824
      ],
      "DynTrieOpt": [
        44.64,
        53.6087,
        78.037728
      ],
      "FixedLen": [
        99.99,
        124.6358,
        129.535199
      ],
      "FixedLenOpt": [
        92.71,
        108.0374,
        128.272223
      ],
      "HashMap": [
        52.63,
        64.015,
        79.203551
      ],
      "NibbleOpt": [
        60.0,
        66.7159,
        75.940576
      ],
      "NibbleTrie": [
        70.4,
        82.3296,
        80.216064
      ],
      "SortedVec": [
        42.23,
        41.9462,
        41.997519
      ],
      "StackedTrie2": [
        62.56,
        69.9927,
        80.13488
      ],
      "StackedTrie4": [
        67.68,
        76.5463,
        88.523488
      ]
    },