{
  "sizes": [
    10,
    100,
    1000,
    10000,
    100000
  ],
  "sections": {
    "Insertion (keys/sec)": {
      "BTreeMap": [
        26277527.963491585,
        19628577.09345053,
        13624147.309225973,
        12786476.20059683
      ],
      "BitTrie": [
        18821823.83304692,
        14148986.742399422,
        14186623.267125828,
        18104538.36142859
      ],
      "DynNibbleTrie": [
        12010078.732936691,
        8688858.215280842,
        9348185.117858289,
        14387784.592908025
      ],
      "HashMap": [
        17951741.813565828,
        14087239.343003437,
        9454038.338975042,
        15742602.325594343
      ],
      "NibbleTrie": [
        11338940.33969552,
        8615168.882009998,
        9649244.376949422,
        9464239.316423748
      ],
      "PolyTrie": [
        9802845.69164932,
        5786951.103156654,
        4607923.485430525,
        2293337.9961674665,
        1947096.3254298796
      ],
      "SortedVec": [
        34358570.636461526,
        21128809.68623112,
        13469715.00103515,
        12721570.760664184
      ]
    },
    "Iter backward (keys/sec)": {
      "BTreeMap": [
        425160980.6464584,
        986162755.622676,
        1013848131.5775552,
        1178728632.281877
      ],
      "BitTrie": [
        94461214.14340472,
        157107313.62965688,
        171347709.65130597,
        250869608.89427975
      ],
      "DynNibbleOpt": [
        0.0,
        0.0,
        125474969.00768264,
        181859688.1106349
      ],
      "DynNibbleTrie": [
        78632813.7811914,
        124481327.59336103,
        123429281.98675203,
        180465913.0410138
      ],
      "NibbleOpt": [
        0.0,
        0.0,
        109916523.29888144,
        158742274.36362106
      ],
      "NibbleTrie": [
        68532857.94401427,
        103519688.09523588,
        109121321.47548307,
        156103889.8386396
      ],
      "PolyTrie": [
        64995499.897853255,
        98092368.70853439,
        99914136.26258695,
        100741396.429879,
        56180747.61623201
      ]
    },
    "Iter forward (keys/sec)": {
      "BTreeMap": [
        416243572.9238592,
        870943673.8716898,
        920107477.4312288,
        1293381970.1087368
      ],
      "BitTrie": [
        91659256.60860752,
        161174107.04710045,
        171896714.73740187,
        226111264.1896931
      ],
      "DynNibbleOpt": [
        0.0,
        0.0,
        110853879.46488172,
        159839558.25674084
      ],
      "DynNibbleTrie": [
        69776052.55783816,
        111717441.06260473,
        109437498.3517942,
        159644953.41024163
      ],
      "NibbleOpt": [
        0.0,
        0.0,
        107946988.59360154,
        153574761.52055842
      ],
      "NibbleTrie": [
        67613104.89521058,
        92952465.97939745,
        107811841.04940902,
        153132127.67304814
      ],
      "PolyTrie": [
        66306214.76180903,
        95406460.93105426,
        98826956.07141803,
        98312477.15436749,
        57903672.86369277
      ],
      "SortedVec": [
        513616338.18682426,
        2659559036.1705832,
        4501402619.631478,
        7227175844.373889
      ]
    },
    "Iter fwd index (keys/sec)": {
      "NibbleOpt": [
        0.0,
        0.0,
        130941692.76714152,
        190135550.69774112
      ],
      "NibbleTrie": [
        71729977.13080092,
        100655545.97377816,
        132473700.25617422,
        188886354.68937084
      ]
    },
    "Iter rev index (keys/sec)": {
      "NibbleOpt": [
        0.0,
        0.0,
        139895655.66154176,
        203409025.46735895
      ],
      "NibbleTrie": [
        83042247.9239438,
        125317883.7086751,
        139561018.48367563,
        201542586.5508693
      ]
    },
    "Lookup (keys/sec)": {
      "BTreeMap": [
        68841936.07600965,
        42881133.62000516,
        32480257.13393122,
        16430549.374147467,
        7927828.376187196
      ],
      "BitTrie": [
        104621984.50734584,
        24198594.277032457,
        16105376.746077992,
        12110554.044118352,
        6715276.688160356
      ],
      "DynNibbleOpt": [
        0.0,
        0.0,
        20137741.04878785,
        12501109.399779717
      ],
      "DynNibbleTrie": [
        59842294.314982034,
        25666807.804826364,
        19531831.088724744,
        12466496.307089295
      ],
      "HashMap": [
        48210846.28776484,
        47090777.11388232,
        45058272.6320725,
        31497393.120823428,
        6893909.806327579
      ],
      "NibbleOpt": [
        0.0,
        0.0,
        21103419.803679336,
        12464364.363434616
      ],
      "NibbleOptUnchecked": [
        0.0,
        0.0,
        22914697.243381787,
        15553106.528795388
      ],
      "NibbleTrie": [
        56780733.15792166,
        24393936.087887447,
        21518513.992809888,
        13003949.932208326
      ],
      "NibbleUnchecked": [
        62257280.95327674,
        26604198.00468515,
        23510460.7727962
      ],
      "PolyTrie": [
        81767261.53708844,
        33040393.259759776,
        27250547.790784687,
        6787282.416237873,
        4249222.616210088
      ],
      "SortedVec": [
        56810500.20018871,
        27834788.60165407,
        18936803.360233907,
        11803515.706559738,
        5925544.563730194
      ]
    },
    "Memory (bytes/key)": {
      "BTreeMap": [
        102.3,
        131.21,
        121.261,
        81.0508
      ],
      "BitTrie": [
        150.4,
        133.12,
        106.496,
        85.1968
      ],
      "DynNibbleOpt": [
        0.0,
        0.0,
        144.286,
        81.7741
      ],
      "DynNibbleTrie": [
        140.8,
        153.6,
        152.32,
        96.9728
      ],
      "HashMap": [
        119.9,
        108.17,
        125.101,
        64.2652
      ],
      "NibbleOpt": [
        0.0,
        0.0,
        172.19,
        128.9805
      ],
      "NibbleTrie": [
        230.4,
        225.28,
        180.224,
        144.1792
      ],
      "PolyTrie": [
        159.3,
        157.66,
        160.797,
        310.4439,
        264.9296
      ],
      "SortedVec": [
        97.5,
        97.77,
        89.501,
        59.2812
      ]
    },
    "Optimize (keys/sec)": {
      "DynNibbleOpt": [
        0.0,
        0.0,
        8476998.842261683,
        8281449.011072117
      ],
      "NibbleOpt": [
        0.0,
        0.0,
        8784904.519801077,
        8318769.235318712
      ],
      "PolyTrie": [
        8638243.583328051,
        5022665.637433041,
        5220980.105455308,
        2460921.739575341,
        1712136.4106078923
      ]
    }
  }
}