{
  "sizes": [
    100,
    10000,
    1000000
  ],
  "sections": {
    "Insertion (keys/sec)": {
      "BTreeMap": [
        9922546.060749214,
        4255612.210601943,
        2702013.1294780914
      ],
      "BitTrie": [
        19405018.767622296,
        9289410.089946352,
        5588814.135679543
      ],
      "CTree": [
        4073138.8518189625,
        2589739.485490778,
        3656430.4858650565
      ],
      "CTreeOpt": [
        2936460.940664798,
        1986517.111063788,
        3465500.0751783303
      ],
      "DynTrie": [
        29193364.61764209,
        12486938.689623913,
        7157542.289414101
      ],
      "FixedLen": [
        3521392.7124777813,
        1985912.0586117536,
        1183205.514198673
      ],
      "HashMap": [
        12108150.72223019,
        12115173.41500579,
        2171222.877564739
      ],
      "NibbleTrie": [
        28579639.968546372,
        8421873.749932783,
        5495594.248038479
      ],
      "PolyTrie": [
        3913415.8280529897,
        1587459.660534661,
        1846833.8299127836
      ],
      "SortedVec": [
        19846384.549589623,
        8320512.315041857,
        2973089.3964752797
      ]
    },
    "Iter backward (keys/sec)": {
      "BTreeMap": [
        949796298.371796,
        738126404.9553447,
        27597436.7421904
      ],
      "BitTrie": [
        140658091.49018547,
        145697383.42069113,
        71162299.91065355
      ],
      "CTree": [
        438628677.19130874,
        476862701.04491824,
        368592316.25705
      ],
      "CTreeOpt": [
        398400793.2271865,
        480993047.40872407,
        183678450.667477
      ],
      "DynTrie": [
        171206384.67702857,
        151388399.14337325,
        66074476.67007403
      ],
      "DynTrieOpt": [
        172230062.97053647,
        151608839.66174564,
        66573812.460841954
      ],
      "FixedLen": [
        86422318.75833178,
        52040842.74329787,
        36938521.64853317
      ],
      "FixedLenOpt": [
        86246286.11434793,
        51946914.53509082,
        36871910.889990725
      ],
      "NibbleOpt": [
        141267527.67973062,
        121246993.19581574,
        58418770.131392166
      ],
      "NibbleTrie": [
        137270266.30014962,
        118056717.19686492,
        53032434.581975386
      ],
      "PolyTrie": [
        106310520.02043337,
        98247236.94383182,
        49955113.18273545
      ],
      "StackedTrie2": [
        161870652.89564,
        131491454.85888554,
        57237662.05114438
      ],
      "StackedTrie4": [
        164968344.5706362,
        132370435.93355425,
        57302125.61776563
      ]
    },
    "Iter forward (keys/sec)": {
      "BTreeMap": [
        929696169.1164331,
        785762023.1405754,
        30449566.595994025
      ],
      "BitTrie": [
        145205477.42054826,
        154059277.53901798,
        69836689.34624793
      ],
      "CTree": [
        1147839028.83398,
        1512602049.6697023,
        123652575.76908682
      ],
      "CTreeOpt": [
        880730950.917768,
        952136292.3812774,
        577735090.5511944
      ],
      "DynTrie": [
        120797541.60457088,
        110155757.2408541,
        62687507.32084984
      ],
      "DynTrieOpt": [
        121126745.88169064,
        110383832.80135196,
        64157216.74837353
      ],
      "FixedLen": [
        72518462.43543646,
        74862426.15492636,
        36140497.67588183
      ],
      "FixedLenOpt": [
        71940872.91426134,
        75029527.76415224,
        36005722.67459108
      ],
      "NibbleOpt": [
        117959807.18059,
        103274279.14553156,
        64781395.9567208
      ],
      "NibbleTrie": [
        119505956.32057296,
        112244263.95823912,
        62210747.02579426
      ],
      "PolyTrie": [
        101187392.36035188,
        95896157.44097131,
        47320247.10894049
      ],
      "SortedVec": [
        2604906165.3405495,
        4977509975.20368,
        5032970363.354015
      ],
      "StackedTrie2": [
        157332535.76140553,
        142728473.44761223,
        72691759.17285508
      ],
      "StackedTrie4": [
        159488112.44054952,
        143657144.4551111,
        72607461.04900393
      ]
    },
    "Iter fwd index (keys/sec)": {
      "FixedLen": [
        117899323.9442494,
        85343833.64849745,
        57042182.35358145
      ],
      "FixedLenOpt": [
        118481438.1526893,
        86296301.29737824,
        57090988.14328848
      ],
      "NibbleOpt": [
        165167769.03104332,
        147552732.70470926,
        75096204.66611402
      ],
      "NibbleTrie": [
        163162166.47017482,
        145392418.04874408,
        72156354.1726728
      ],
      "StackedTrie2": [
        215698688.0287228,
        184524961.98785785,
        82133689.8621746
      ],
      "StackedTrie4": [
        205379598.4497208,
        179429316.8228762,
        80804497.31655398
      ]
    },
    "Iter rev index (keys/sec)": {
      "FixedLen": [
        171683186.95207778,
        134686218.2130219,
        65245543.554557
      ],
      "FixedLenOpt": [
        172006746.47386172,
        136247613.21431172,
        64996764.40400974
      ],
      "NibbleOpt": [
        197939935.64935467,
        160942297.93975988,
        70227076.47757167
      ],
      "NibbleTrie": [
        197929528.22775188,
        155207728.92290655,
        63211517.39450081
      ],
      "StackedTrie2": [
        206829004.29079,
        156922346.12928227,
        65421865.48845356
      ],
      "StackedTrie4": [
        213415949.10029617,
        157105424.30451715,
        65712088.43148146
      ]
    },
    "Lookup (keys/sec)": {
      "BTreeMap": [
        44477634.862503745,
        7450913.309457128,
        5597508.391165356
      ],
      "BitTrie": [
        48214711.33314586,
        16677005.235123407,
        9784308.5623969
      ],
      "CTree": [
        29782722.37133414,
        3666424.4607020426,
        6322083.992439753
      ],
      "CTreeOpt": [
        24616751.9727169,
        3389905.7336259885,
        6094053.317084892
      ],
      "DynTrie": [
        81295948.74290432,
        15649191.398455849,
        14865193.60192534
      ],
      "DynTrieOpt": [
        81466490.67208682,
        15747043.831082156,
        14933747.229372367
      ],
      "FixedLen": [
        63897129.20198085,
        18963117.57351566,
        17887077.946793836
      ],
      "FixedLenOpt": [
        59170523.1966609,
        18349709.657146513,
        17733281.069873042
      ],
      "HashMap": [
        77287181.72196351,
        50901738.76753311,
        11073815.484897131
      ],
      "NibbleOpt": [
        96852594.91523878,
        13761550.354747446,
        19018263.732661873
      ],
      "NibbleOptUnchecked": [
        108910769.17825232,
        21700340.57882211,
        20945639.92731612
      ],
      "NibbleTrie": [
        86568481.77733457,
        12228310.261517288,
        11734172.019458178
      ],
      "NibbleUnchecked": [
        60285532.9679761,
        26824986.007740363,
        20971121.60165727
      ],
      "PolyTrie": [
        45492516.794186786,
        9388033.135184797,
        4939775.416499375
      ],
      "SortedVec": [
        31817220.07514317,
        12089342.841457156,
        6426260.845172967
      ],
      "StackedTrie2": [
        68219115.54473495,
        12777871.110309906,
        10754635.149980232
      ],
      "StackedTrie4": [
        68109217.41757388,
        11785315.979487514,
        10778806.801392991
      ]
    },
    "Memory (bytes/key)": {
      "BTreeMap": [
        68.66,
        72.7869,
        72.242452
      ],
      "BitTrie": [
        71.68,
        78.6432,
        58.720256
      ],
      "CTree": [
        48.32,
        51.3585,
        40.614016
      ],
      "CTreeOpt": [
        63.99,
        72.6724,
        52.332736
      ],