{
  "sizes": [
    100,
    10000,
    1000000
  ],
  "sections": {
    "Insertion (keys/sec)": {
      "BTreeMap": [
        0.0,
        0.0,
        5750568.39983824
      ],
      "IntBTree": [
        30507367.814726956,
        7553828.612689372,
        1811582.7795892027
      ]
    },
    "Iter backward (keys/sec)": {
      "IntBTree": [
        982431562.6676006,
        1194232209.079327,
        616612531.1678271
      ]
    },
    "Iter forward (keys/sec)": {
      "IntBTree": [
        1084198044.9596796,
        1189469687.1694722,
        583636147.2185564
      ]
    },
    "Lookup (keys/sec)": {
      "IntBTree": [
        127472891.33184338,
        19571859.62321586,
        5405258.26794487
      ]
    },
    "Memory (bytes/key)": {
      "IntBTree": [
        24.96,
        24.7888,
        24.8124
      ]
    }
  }
}