{
  "sizes": [
    10,
    100,
    1000,
    10000,
    100000,
    10000000
  ],
  "sections": {
    "Insertion (keys/sec)": {
      "BTreeMap": [
        3451073.183009969,
        1928139.770254449,
        1282330.2425578295,
        953178.1458105394,
        724258.1272150149,
        541257.1337975748
      ],
      "BitTrie": [
        1263810.7832953215,
        1030798.7243865785,
        838127.6098454144,
        888688.6945081298,
        734285.0681456244,
        547219.247184982
      ],
      "DynNibbleTrie": [
        2558884.9091595854,
        2230246.826358766,
        1895908.1517816328,
        1448573.5490661752,
        1314785.3909187345,
        1065326.0650054896
      ],
      "HashMap": [
        1787488.2795425311,
        1729991.1424453508,
        1357339.1675247008,
        1477531.7698806284,
        1063139.2808415887,
        647738.0922050385
      ],
      "LinkedList": [
        8082371.920616298,
        8106994.880432732,
        7786454.087173475,
        7562968.662247008,
        6119394.204809509,
        6648457.812789032
      ],
      "NibbleTrie": [
        2566668.032648953,
        2148394.305680893,
        1928509.505785063,
        1475736.896418705,
        1298659.079956264,
        1076750.6831751585
      ],
      "PolyTrie": [
        8935107.779625718,
        7730813.10082907,
        8581461.919762732,
        5763097.343201394,
        4624962.614114708
      ],
      "SortedVec": [
        6269068.30108249,
        4032803.070270671,
        3025279.484353106,
        2474743.885275204,
        2047025.2322271492,
        1002494.1879960858
      ],
      "TinyTrie": [
        14523188.99789996,
        9766636.45855855,
        7839632.434913473,
        5096299.648173656,
        3607666.752909744
      ]
    },
    "Iter backward (keys/sec)": {
      "BTreeMap": [
        28629230.96327844,
        31677012.06677805,
        31627105.483486198,
        31119732.012427777,
        27731497.07371697,
        23581384.125480346
      ],
      "BitTrie": [
        8220039.6259881975,
        8677515.437456012,
        8678340.583222656,
        8600416.73471707,
        7521843.247234565,
        7408822.920650576
      ],
      "DynNibbleOpt": [
        8977554.007980281,
        10253782.532681456,
        10362426.338692373,
        10427893.607202921,
        9855737.513237892,
        9923512.729481716
      ],
      "DynNibbleTrie": [
        8982979.32627655,
        10193397.543391192,
        10338473.321569595,
        10442031.805470154,
        9858563.501323279,
        9809414.282835616
      ],
      "LinkedList": [
        119695711.52882437,
        183647395.64037088,
        190984991.9799213,
        165079927.94261146,
        95971192.42314154,
        53606535.160615586
      ],
      "NibbleOpt": [
        8600018.662697097,
        9879496.532296717,
        10035246.088203475,
        9988539.80533148,
        9900237.407096023,
        10022270.87229237
      ],
      "NibbleTrie": [
        8585714.781064274,
        9914227.301376592,
        10063372.607766159,
        9991520.268223466,
        9798494.201705812,
        10258314.630981049
      ],
      "PolyOpt": [
        93848461.38683423,
        133604014.66173814,
        138468352.32350224,
        140042874.75857517,
        139196245.73010236
      ],
      "PolyTrie": [
        93419777.33753636,
        133165480.09176074,
        138240961.3616513,
        137217015.56797224,
        130782223.59191576
      ],
      "TinyTrie": [
        174429296.77305803,
        333451893.47990406,
        354192340.6134468,
        265158403.01036936,
        69990055.1830491
      ]
    },
    "Iter forward (keys/sec)": {
      "BTreeMap": [
        29669227.448446438,
        31855798.550561167,
        31844579.50824988,
        30753695.76651624,
        22664720.956618324,
        24543955.584503982
      ],
      "BitTrie": [
        8288689.291317066,
        9345845.546704598,
        9361839.566155355,
        9355214.461659927,
        7876962.185679844,
        8958067.060108824
      ],
      "DynNibbleOpt": [
        8350944.202484829,
        10312526.59572089,
        10332263.1018716,
        10237428.429640474,
        9802417.267838344,
        9534766.29607026
      ],
      "DynNibbleTrie": [
        8337870.447522735,
        10354593.248805203,
        10348560.39832856,
        10294316.884573014,
        9854340.435870437,
        10210268.68040229
      ],
      "LinkedList": [
        148365919.73300985,
        219417319.17186663,
        226765423.8068176,
        198493581.06863573,
        110446343.7883545,
        223067257.50401938
      ],
      "NibbleOpt": [
        7958331.172042706,
        9716959.01386688,
        9900366.191600736,
        9876325.044141889,
        9891312.465207463,
        10262833.551656246
      ],
      "NibbleTrie": [
        7895421.11940052,
        9776324.869956922,
        9797864.38775901,
        9950429.717878431,
        9771129.497722447,
        10292564.820417805
      ],
      "PolyOpt": [
        88338239.34635268,
        127675773.95414212,
        131075979.1589193,
        131586540.01282208,
        131039226.48907413
      ],
      "PolyTrie": [
        87459794.40257317,
        127491059.84031616,
        131089247.91537628,
        130909370.05154522,
        127705950.83187686
      ],
      "SortedVec": [
        132142175.30895276,
        216270360.85506466,
        229389640.2023493,
        232828241.0990526,
        233044969.49128857,
        240504377.92818683
      ],
      "TinyTrie": [
        174421315.9010991,
        321416161.5907687,
        331958643.31043774,
        246855462.33748507,
        69078686.84633398
      ]
    },
    "Iter fwd index (keys/sec)": {
      "NibbleOpt": [
        10853345.485008279,
        14025878.070539638,
        14771561.129533062,
        14378868.857523587,
        14763510.433794282,
        14783773.956143519
      ],
      "NibbleTrie": [
        10863329.071185365,
        14238713.47769993,
        14772320.989014257,
        13683796.044888785,
        14791475.258647135,
        15059284.183347858
      ]
    },
    "Iter rev index (keys/sec)": {
      "NibbleOpt": [
        12074734.571346922,
        14415649.948863378,
        15017923.183322918,
        14921932.304391066,
        14805896.144743402,
        14910740.63108476
      ],
      "NibbleTrie": [
        12096437.145240834,
        14213138.821366318,
        15001725.175895639,
        14904356.347918937,
        14766291.163524063,
        14696828.371822717
      ]
    },
    "Lookup (keys/sec)": {
      "BTreeMap": [
        6275361.038784437,
        3966074.746019055,
        2646591.5316794794,
        1927835.4552683565,
        1585011.564009096,
        1127218.8897552874
      ],
      "BitTrie": [
        11168251.897433247,
        7532271.772811531,
        5562338.434934733,
        4396449.787660368,
        3518061.9037625333,
        2727662.7312176996
      ],
      "DynNibbleOpt": [
        11524539.316752052,
        9675930.63809122,
        8208846.740831349,
        7185498.633602731,
        5752057.717698211,
        4987152.525312618
      ],
      "DynNibbleTrie": [
        11554633.338753881,
        9727618.273415077,
        8225618.935864368,
        7216543.117082969,
        5844955.192920227,
        5022722.119311641
      ],
      "HashMap": [
        4194287.2045075777,
        3938688.0027563437,
        3964331.837636923,
        3469453.703817644,
        2394535.7245508963,
        1718133.5246308926
      ],
      "LinkedList": [
        77922.82438731608,
        8088.467294614
      ],
      "NibbleOpt": [
        11188022.375362752,
        9372742.343575474,
        7855217.455381878,
        6835432.642515747,
        5700679.753083549,
        4718561.03317635
      ],