{
  "sizes": [
    100,
    10000
  ],
  "sections": {
    "Insertion (keys/sec)": {
      "BTreeMap": [
        19628577.09345053,
        12786476.20059683
      ],
      "BitTrie": [
        14148986.742399422,
        18104538.36142859
      ],
      "IntBTree": [
        5752042.582864372,
        4455654.584035739
      ],
      "IntBTreeOpt": [
        5447936.995385811,
        4403322.79177857
      ],
      "DynTrie": [
        19731800.33505856,
        10835634.983638829
      ],
      "HashMap": [
        14087239.343003437,
        15742602.325594343
      ],
      "NibbleTrie": [
        8615168.882009998,
        9464239.316423748
      ],
      "PolyTrie": [
        5786951.103156654,
        2293337.9961674665
      ],
      "SortedVec": [
        21128809.68623112,
        12721570.760664184
      ]
    },
    "Iter backward (keys/sec)": {
      "BTreeMap": [
        986162755.622676,
        1178728632.281877
      ],
      "BitTrie": [
        157107313.62965688,
        250869608.89427975
      ],
      "IntBTree": [
        438663786.24497247,
        543107742.1200801
      ],
      "IntBTreeOpt": [
        437084647.51904756,
        540867545.7233666
      ],
      "DynTrie": [
        146026609.91569558,
        140272010.9437188
      ],
      "DynTrieOpt": [
        146217192.03116304,
        139908864.0799325
      ],
      "NibbleOpt": [
        0.0,
        158742274.36362106
      ],
      "NibbleTrie": [
        103519688.09523588,
        156103889.8386396
      ],
      "PolyTrie": [
        98092368.7085344,
        100741396.429879
      ]
    },
    "Iter forward (keys/sec)": {
      "BTreeMap": [
        870943673.8716898,
        1293381970.1087368
      ],
      "BitTrie": [
        161174107.04710045,
        226111264.1896931
      ],
      "IntBTree": [
        1084174008.4826615,
        1368712616.5841599
      ],
      "IntBTreeOpt": [
        1092469606.4117703,
        1365161023.0258286
      ],
      "DynTrie": [
        116081870.39912304,
        108351222.44298074
      ],
      "DynTrieOpt": [
        115494126.95892166,
        109245721.11821812
      ],
      "NibbleOpt": [
        0.0,
        153574761.52055842
      ],
      "NibbleTrie": [
        92952465.97939745,
        153132127.67304814
      ],
      "PolyTrie": [
        95406460.93105426,
        98312477.15436748
      ],
      "SortedVec": [
        2659559036.1705832,
        7227175844.373889
      ]
    },
    "Iter fwd index (keys/sec)": {
      "NibbleOpt": [
        0.0,
        190135550.69774112
      ],
      "NibbleTrie": [
        100655545.97377816,
        188886354.68937084
      ]
    },
    "Iter rev index (keys/sec)": {
      "NibbleOpt": [
        0.0,
        203409025.46735895
      ],
      "NibbleTrie": [
        125317883.7086751,
        201542586.5508693
      ]
    },
    "Lookup (keys/sec)": {
      "BTreeMap": [
        42881133.62000516,
        16430549.374147467
      ],
      "BitTrie": [
        24198594.277032457,
        12110554.044118352
      ],
      "IntBTree": [
        9231085.002449289,
        3372805.841117492
      ],
      "IntBTreeOpt": [
        9218538.865723088,
        3344842.002585993
      ],
      "DynTrie": [
        45310940.32549159,
        15594517.069162844
      ],
      "DynTrieOpt": [
        45031978.3621344,
        15633687.343739064
      ],
      "HashMap": [
        47090777.11388232,
        31497393.120823428
      ],
      "NibbleOpt": [
        0.0,
        12464364.363434616
      ],
      "NibbleOptUnchecked": [
        0.0,
        15553106.528795388
      ],
      "NibbleTrie": [
        24393936.087887447,
        13003949.932208326
      ],
      "NibbleUnchecked": [
        26604198.00468515,
        0.0
      ],
      "PolyTrie": [
        33040393.259759776,
        6787282.416237873
      ],
      "SortedVec": [
        27834788.60165407,
        11803515.706559738
      ]
    },
    "Memory (bytes/key)": {
      "BTreeMap": [
        150.1,
        281.2807
      ],
      "BitTrie": [
        189.44,
        419.4304
      ],
      "IntBTree": [
        134.51,
        271.2626
      ],
      "IntBTreeOpt": [
        134.51,
        271.2626
      ],
      "DynTrie": [
        190.72,
        435.5072
      ],
      "DynTrieOpt": [
        129.31,
        281.0104
      ],
      "FixedLen": [
        80.18,
        159.1295
      ],
      "FixedLenOpt": [
        79.14,
        138.8339
      ],
      "HashMap": [
        127.06,
        271.7559
      ],
      "LinkedList": [
        132.66,
        265.6871
      ],
      "NibbleOpt": [
        160.03,
        307.2248
      ],
      "NibbleTrie": [
        221.44,
        462.0288
      ],
      "PolyOpt": [
        153.98,
        298.6079
      ],
      "PolyTrie": [
        157.66,
        310.4439
      ],
      "SortedVec": [
        116.66,
        249.6871
      ],
      "StackedTrie2": [
        165.15,
        313.7784
      ],
      "StackedTrie4": [
        175.39,
        326.8856
      ]
    },
    "Optimize (keys/sec)": {
      "IntBTreeOpt": [
        5882960.717032394,
        4402514.7502857335
      ],
      "DynTrieOpt": [
        13304396.5408569,
        5871345.363464475
      ],
      "NibbleOpt": [
        0.0,
        8318769.235318712
      ],
      "PolyTrie": [
        5022665.637433041,
        2460921.739575341
      ]
    }
  }
}